claim_id,text,link_status,auth_status,session_count,attenuation_db,pppoe_status,dhcp_status,dns_status,ping_gateway_ms,ping_dns_ms,errors_crc,wifi_rssi,power_poe,speed_duplex,cable_length_m,vlan_id,mac_binding,equipment_type,equipment_owned,warranty,rental,repeat_claim,street,building,entrance,floor,true_action
1,"Настройте DNS, сайты не открываются",1,1,0,13.9,1,1,1,9,11,5,-88,0,1,59,300,0,коммутатор,0,1,0,0,Советская,18,1,3,0
2,"SIP не регистрируется, уточните логин и пароль",1,0,5,22.1,1,0,0,44,42,11,-88,1,0,148,200,0,коммутатор,1,1,1,0,Гагарина,46,1,1,1
3,"SIP не регистрируется, уточните логин и пароль",1,0,2,17.4,0,1,1,49,111,11,-77,1,0,107,300,0,коммутатор,1,0,0,1,Кирова,45,5,4,1
4,"Низкая скорость, уточните настройки у абонента",1,0,5,14.3,1,1,1,24,57,18,-59,1,2,48,200,0,приставка,1,1,1,0,Советская,26,3,4,1
5,"Соседи порвали кабель при копании, связи нет",0,0,23,38.9,0,0,0,90,282,83,-66,1,2,97,200,0,роутер,1,1,0,0,Ленина,19,4,3,2
6,"Настройте DNS, сайты не открываются",1,1,0,18.1,1,1,1,29,16,4,-71,1,1,49,200,0,коммутатор,1,1,1,0,Победы,2,1,6,0
7,Порт на коммутаторе DOWN,0,1,27,41.5,0,0,0,174,288,44,-82,1,1,63,300,1,приставка,1,1,0,1,Победы,43,3,8,2
8,Помогите! Приставка не включается совсем,0,0,12,40.6,1,1,1,200,136,40,-87,1,0,140,200,0,коммутатор,1,1,0,0,Советская,37,4,4,2
9,"Срочно! Медленно грузит, выясните количество устройств",1,1,10,23.1,1,1,1,46,89,1,-49,0,2,123,200,0,приставка,0,1,0,0,Победы,16,1,8,1
10,"Срочно! Полный обрыв, линка нет вообще",1,1,25,33.2,1,1,1,92,184,71,-65,1,1,78,100,1,медиаконвертер,1,1,0,0,Кирова,36,4,3,2
11,"Файрвол включён, интернет не работает, отключите его",1,1,2,5.9,1,1,1,23,39,0,-53,1,1,37,300,0,приставка,0,0,1,0,Советская,16,5,10,0
12,"Не могу войти в личный кабинет, ошибка 403",1,1,2,8.1,1,1,1,23,38,2,-45,1,1,80,100,1,ONT,1,1,0,0,Советская,7,1,9,0
13,"Уже второй день Настройте DNS, сайты не открываются",1,1,2,7.4,1,1,1,7,20,2,-56,1,0,115,300,1,роутер,1,0,0,0,Советская,10,3,5,0
14,"Уточните, не было ли повреждений кабеля",1,1,1,22.7,1,1,1,51,62,1,-73,0,1,128,100,1,приставка,1,1,0,0,Ленина,45,2,9,1
15,Сбросьте PPPoE-сессию на коммутаторе,1,1,0,9.6,1,1,1,9,32,1,-40,1,0,145,200,0,приставка,1,0,0,1,Советская,48,2,4,0
16,"Соседи порвали кабель при копании, связи нет",0,1,17,34.0,0,0,0,155,285,82,-40,1,2,141,100,1,приставка,0,1,0,1,Пушкина,15,2,1,2
17,"Медленно грузит, выясните количество устройств",1,0,5,28.8,1,1,1,52,81,17,-83,1,1,52,300,1,роутер,0,1,1,0,Советская,33,1,7,1
18,"Сгорел блок питания роутера, не включается",1,0,16,35.5,1,1,1,187,255,86,-86,1,1,109,200,0,медиаконвертер,1,1,0,0,Советская,9,2,7,2
19,"Медленно грузит, выясните количество устройств",1,0,4,15.7,1,1,1,45,100,0,-63,1,1,89,200,1,приставка,1,1,1,1,Кирова,6,3,9,1
20,Проверьте настройки роутера по телефону,1,0,0,10.9,1,1,0,71,55,4,-60,1,0,88,200,0,ONT,1,0,0,0,Пушкина,50,1,7,1
21,Помогите! Переподключите питание приставки,1,1,3,15.0,1,1,1,8,34,1,-55,1,2,108,300,1,коммутатор,1,0,1,0,Пушкина,16,3,9,0
22,"Файрвол включён, интернет не работает, отключите его",1,1,2,10.0,1,1,1,7,23,1,-56,0,1,59,200,0,приставка,0,1,0,0,Гагарина,27,4,10,0
23,"Собака перегрызла кабель, интернет пропал",1,0,22,42.8,0,0,0,140,156,88,-64,1,1,92,100,1,ONT,1,0,0,1,Кирова,11,4,3,2
24,"Собака перегрызла кабель, интернет пропал",0,1,15,30.8,0,0,0,159,114,69,-66,1,2,71,200,1,медиаконвертер,1,1,0,0,Ленина,48,5,1,2
25,"Обрыв магистрального кабеля, район без интернета",0,1,10,39.3,0,0,0,57,143,52,-75,0,0,102,100,1,медиаконвертер,1,0,0,1,Ленина,50,2,5,2
26,"ТВ-приставка не показывает каналы, пульт не реагирует",1,1,1,6.1,1,1,1,23,29,3,-46,1,1,43,300,1,коммутатор,1,1,0,0,Советская,28,3,2,0
27,"Не знаю, что делать, SIP не регистрируется, уточните логин и пароль",1,1,6,13.5,0,1,1,60,88,4,-57,1,1,108,300,1,ONT,1,1,0,1,Пушкина,6,3,8,1
28,Переподключите питание приставки,1,1,0,12.4,1,1,1,26,29,2,-70,1,1,75,200,1,медиаконвертер,1,1,0,0,Гагарина,6,2,7,0
29,"Файрвол включён, интернет не работает, отключите его",1,1,0,6.4,1,1,1,25,36,3,-76,1,1,69,300,1,ONT,1,0,1,0,Мира,45,4,5,0
30,"Помогите! Файрвол включён, интернет не работает, отключите его",1,1,1,7.9,1,1,1,15,12,5,-43,1,1,42,100,1,приставка,1,0,1,0,Ленина,4,5,5,0
31,"Wi-Fi отключается, спросите про фоновую загрузку",1,1,7,16.8,0,0,1,38,90,15,-87,1,2,44,100,1,ONT,0,1,0,0,Советская,20,1,4,1
32,Пульт не переключает каналы на ТВ-приставке,1,1,3,11.8,1,1,1,30,19,4,-62,1,2,69,300,0,коммутатор,1,0,1,0,Мира,43,1,3,0
33,"Не знаю, что делать, Не могу войти в личный кабинет, ошибка 403",1,1,0,8.5,1,1,1,19,35,2,-45,1,2,39,300,0,медиаконвертер,1,1,0,1,Победы,8,5,4,0
34,"SIP не регистрируется, уточните логин и пароль",1,0,7,12.5,0,0,1,58,102,9,-46,1,2,150,200,1,ONT,0,0,0,0,Мира,2,1,4,1
35,"Собака перегрызла кабель, интернет пропал",0,0,30,36.6,0,0,0,94,200,73,-73,1,2,111,200,0,ONT,1,0,0,1,Мира,27,4,5,2
36,"Медленно грузит, выясните количество устройств",1,1,1,29.4,0,1,0,40,62,10,-65,1,0,114,300,1,ONT,0,1,0,0,Победы,49,1,4,1
37,После перезагрузки роутера всё заработало,1,1,0,19.6,1,1,1,19,36,0,-52,1,1,69,300,0,коммутатор,1,0,1,0,Ленина,42,2,8,0
38,Порт на коммутаторе DOWN,0,1,14,35.8,1,1,1,112,196,75,-52,1,1,140,100,1,ONT,1,1,0,0,Кирова,20,5,10,2
39,Приставка не включается совсем,0,0,20,43.0,0,0,0,189,176,69,-46,1,2,59,200,0,медиаконвертер,1,1,1,0,Кирова,42,2,8,2
40,"Соседи порвали кабель при копании, связи нет",0,1,24,30.2,1,1,1,162,105,73,-81,1,1,39,200,1,медиаконвертер,1,0,0,0,Кирова,35,4,6,2
41,"Медленно грузит, выясните количество устройств",1,0,3,24.9,1,0,0,60,117,9,-63,1,0,86,100,1,роутер,0,1,0,0,Гагарина,16,5,7,1
42,"Срочно! Wi-Fi отключается, спросите про фоновую загрузку",1,1,2,14.6,1,1,1,35,93,18,-50,1,1,115,100,1,медиаконвертер,1,0,0,0,Советская,20,4,5,1
43,"Не знаю, что делать, Настройте DNS, сайты не открываются",1,1,3,13.6,1,1,1,20,11,1,-54,1,1,32,300,1,медиаконвертер,0,1,1,1,Советская,48,4,5,0
44,"Wi-Fi отключается, спросите про фоновую загрузку",1,1,10,11.9,0,1,0,59,62,4,-50,1,1,130,200,0,коммутатор,1,0,1,0,Победы,12,2,3,1
45,"SIP не регистрируется, уточните логин и пароль",1,1,1,19.4,0,1,1,71,67,10,-86,0,1,140,300,1,коммутатор,1,1,0,0,Победы,24,3,10,1
46,Помогите! Сбросьте PPPoE-сессию на коммутаторе,1,1,2,18.7,1,1,1,20,6,4,-76,1,2,146,300,1,ONT,0,0,0,1,Ленина,7,2,9,0
47,Переподключите питание приставки,1,1,1,18.3,1,1,1,28,39,3,-49,0,2,108,200,1,роутер,1,0,0,0,Мира,7,3,9,0
48,"Уже второй день Обрыв магистрального кабеля, район без интернета",0,0,16,39.6,1,1,1,166,103,82,-52,1,0,130,200,0,приставка,1,0,1,0,Советская,14,2,6,2
49,Помогите! Проверьте настройки роутера по телефону,1,0,2,10.3,1,1,0,27,114,0,-40,1,1,32,100,1,роутер,0,1,0,0,Победы,50,3,9,1
50,"Медленно грузит, выясните количество устройств",1,1,10,29.3,0,1,1,53,68,14,-87,1,2,84,300,0,ONT,1,1,1,0,Гагарина,5,2,5,1
51,Проверьте настройки роутера по телефону,1,1,9,18.6,1,1,1,38,88,16,-40,1,1,85,200,0,ONT,1,1,0,0,Победы,21,3,6,1
52,Срочно! Приставка не включается совсем,0,0,28,44.3,1,1,1,83,222,43,-55,1,0,82,200,1,роутер,1,1,0,0,Гагарина,10,4,4,2
53,"Обрыв магистрального кабеля, район без интернета",0,1,29,39.2,1,1,1,159,296,75,-49,1,1,33,100,1,медиаконвертер,1,0,0,0,Кирова,26,1,3,2
54,"Помогите! Низкая скорость, уточните настройки у абонента",1,1,5,25.5,1,1,1,30,77,9,-54,1,0,49,100,0,роутер,1,1,0,0,Мира,14,5,2,1
55,"Не могу войти в личный кабинет, ошибка 403",1,1,2,5.7,1,1,1,26,36,4,-65,1,0,30,100,1,приставка,1,1,0,0,Победы,48,4,3,0
56,"Файрвол включён, интернет не работает, отключите его",1,1,3,17.9,1,1,1,26,27,0,-88,1,2,147,100,1,коммутатор,1,1,0,0,Победы,2,3,3,0
57,Приставка не включается совсем,1,0,22,37.9,1,1,1,112,191,77,-65,1,1,58,200,0,роутер,1,0,0,1,Мира,23,2,4,2
58,"Помогите! Настройте DNS, сайты не открываются",1,1,3,12.0,1,1,1,29,9,1,-54,1,2,117,300,1,медиаконвертер,0,0,0,0,Мира,38,1,6,0
59,"SIP не регистрируется, уточните логин и пароль",1,0,9,21.9,0,1,1,24,112,2,-66,1,0,87,300,0,медиаконвертер,1,1,1,0,Пушкина,22,1,9,1
60,"Низкая скорость, уточните настройки у абонента",1,1,5,28.4,1,1,1,59,50,11,-66,1,1,116,300,0,медиаконвертер,0,0,0,0,Кирова,43,5,3,1
61,После перезагрузки роутера всё заработало,1,1,0,9.6,1,1,1,14,30,1,-66,1,1,134,100,0,ONT,1,0,0,1,Мира,50,4,4,0
62,Уже второй день После перезагрузки роутера всё заработало,1,1,0,14.9,1,1,1,30,11,4,-41,1,2,49,100,0,коммутатор,1,0,0,0,Кирова,47,2,8,0
63,"Уточните, не было ли повреждений кабеля",1,0,5,23.6,1,0,1,71,90,6,-54,1,2,128,200,1,коммутатор,1,1,1,1,Гагарина,17,1,8,1
64,"Полный обрыв, линка нет вообще",0,0,26,32.2,0,0,0,91,149,68,-63,0,1,134,200,1,роутер,1,0,0,0,Ленина,24,2,1,2
65,"Не могу войти в личный кабинет, ошибка 403",1,1,1,5.6,1,1,1,25,26,1,-60,1,1,127,300,1,ONT,1,1,0,0,Гагарина,36,5,9,0
66,"Настройте DNS, сайты не открываются",1,1,3,14.6,1,1,1,8,8,1,-51,1,0,137,200,0,коммутатор,1,1,0,0,Мира,16,5,7,0
67,"Не могу войти в личный кабинет, ошибка 403",1,1,0,10.9,1,1,1,16,9,4,-60,0,2,77,200,0,медиаконвертер,1,0,1,0,Пушкина,38,3,3,0
68,Сбросьте PPPoE-сессию на коммутаторе,1,1,3,14.5,1,1,1,10,34,5,-82,0,2,34,200,0,роутер,1,1,0,0,Победы,35,4,5,0
69,"Файрвол включён, интернет не работает, отключите его",1,1,2,9.1,1,1,1,29,8,5,-67,1,2,125,200,1,медиаконвертер,1,1,0,1,Советская,18,1,7,0
70,После перезагрузки роутера всё заработало,1,1,2,14.9,1,1,1,15,11,0,-71,1,2,51,300,1,медиаконвертер,1,1,1,0,Победы,18,1,2,0
71,"Медленно грузит, выясните количество устройств",1,1,0,12.5,1,0,0,29,107,14,-75,1,1,76,200,0,коммутатор,0,1,0,0,Ленина,37,2,9,1
72,Сбросьте PPPoE-сессию на коммутаторе,1,1,1,12.5,1,1,1,12,12,0,-66,1,0,63,200,1,приставка,1,0,1,0,Ленина,9,1,8,0
73,Переподключите питание приставки,1,1,2,15.6,1,1,1,30,25,5,-55,1,1,138,100,0,медиаконвертер,1,0,0,0,Пушкина,32,1,6,0
74,"SIP не регистрируется, уточните логин и пароль",1,1,7,20.5,0,1,0,24,69,12,-41,1,0,46,200,0,ONT,1,1,0,1,Советская,41,5,3,1
75,"Wi-Fi отключается, спросите про фоновую загрузку",1,0,5,28.7,0,1,0,39,51,5,-76,1,1,138,100,1,приставка,1,1,0,0,Советская,6,5,3,1
76,Уже второй день Проверьте настройки роутера по телефону,1,1,4,23.0,0,0,0,22,112,18,-41,1,0,93,300,1,медиаконвертер,1,1,0,0,Ленина,45,1,3,1
77,Переподключите питание приставки,1,1,2,16.0,1,1,1,15,14,2,-68,1,1,127,200,0,медиаконвертер,1,0,0,0,Ленина,19,4,10,0
78,После перезагрузки роутера всё заработало,1,1,1,12.5,1,1,1,23,25,1,-58,1,1,93,100,0,ONT,1,1,0,0,Ленина,19,4,10,0
79,Приставка не включается совсем,0,0,22,35.5,0,0,0,117,266,63,-65,0,1,76,300,1,роутер,1,1,0,1,Советская,44,5,2,2
80,"Не могу войти в личный кабинет, ошибка 403",1,1,2,16.3,1,1,1,30,26,4,-78,1,2,94,100,0,роутер,0,0,0,0,Советская,33,2,6,0
81,"Уже второй день Обрыв магистрального кабеля, район без интернета",0,1,19,37.1,1,1,1,175,261,76,-89,1,0,83,300,1,роутер,1,0,0,1,Советская,37,2,1,2
82,"Wi-Fi отключается, спросите про фоновую загрузку",1,1,0,21.5,1,1,0,72,117,7,-46,0,0,86,200,1,приставка,1,0,0,0,Победы,48,1,3,1
83,Проверьте настройки роутера по телефону,1,1,8,16.8,1,1,1,40,52,14,-68,1,1,108,200,0,приставка,1,0,1,1,Пушкина,19,2,8,1
84,Сбросьте PPPoE-сессию на коммутаторе,1,1,0,13.6,1,1,1,30,22,2,-56,1,2,134,200,0,медиаконвертер,0,1,0,1,Кирова,17,4,4,0
85,"Настройте DNS, сайты не открываются",1,1,0,14.2,1,1,1,27,22,1,-53,1,0,115,300,0,приставка,0,1,1,0,Пушкина,9,1,9,0
86,"Соседи порвали кабель при копании, связи нет",1,1,20,34.3,1,1,1,101,273,58,-87,1,0,113,300,0,коммутатор,1,1,0,1,Победы,12,1,7,2
87,"Wi-Fi отключается, спросите про фоновую загрузку",1,1,5,15.7,0,0,1,56,107,3,-49,1,2,143,100,1,медиаконвертер,0,0,0,0,Мира,46,2,1,1
88,"SIP не регистрируется, уточните логин и пароль",1,0,8,16.6,0,1,1,77,81,13,-65,1,1,47,200,1,приставка,0,0,0,0,Мира,20,5,10,1
89,Сбросьте PPPoE-сессию на коммутаторе,1,1,2,7.4,1,1,1,6,12,3,-47,1,1,118,100,1,медиаконвертер,1,0,0,0,Кирова,39,3,7,0
90,"Медленно грузит, выясните количество устройств",1,1,8,18.9,0,0,1,68,106,2,-45,1,0,37,300,0,коммутатор,1,0,1,0,Кирова,14,5,8,1
91,Переподключите питание приставки,1,1,3,11.9,1,1,1,19,13,4,-87,1,1,122,100,1,медиаконвертер,1,1,0,0,Мира,45,1,9,0
92,"Полный обрыв, линка нет вообще",0,0,30,44.5,0,0,0,84,276,81,-67,1,2,87,200,1,роутер,1,1,0,0,Мира,8,2,9,2
93,После перезагрузки роутера всё заработало,1,1,2,11.9,1,1,1,12,5,0,-44,1,2,135,100,0,ONT,1,0,1,1,Ленина,3,4,10,0
94,"Низкая скорость, уточните настройки у абонента",1,0,3,24.8,0,1,0,48,106,1,-65,1,1,126,100,0,коммутатор,1,0,1,0,Советская,39,3,4,1
95,После перезагрузки роутера всё заработало,1,1,2,9.1,1,1,1,21,19,3,-55,1,1,110,300,1,коммутатор,1,1,1,0,Пушкина,34,3,7,0
96,"Настройте DNS, сайты не открываются",1,1,1,17.7,1,1,1,29,39,3,-71,1,1,133,200,0,коммутатор,1,1,0,0,Мира,14,3,2,0
97,"Помогите! Обрыв магистрального кабеля, район без интернета",0,0,28,40.9,1,1,1,60,98,52,-55,1,1,141,200,1,роутер,1,0,1,1,Пушкина,31,2,10,2
98,"Медленно грузит, выясните количество устройств",1,1,5,16.2,1,1,1,49,98,20,-67,1,2,89,100,1,медиаконвертер,1,0,0,0,Гагарина,48,2,1,1
99,Пульт не переключает каналы на ТВ-приставке,1,1,3,13.5,1,1,1,11,26,1,-75,1,1,62,200,1,ONT,0,1,0,1,Победы,12,5,1,0
100,"Низкая скорость, уточните настройки у абонента",1,1,1,24.1,0,0,1,28,110,7,-90,1,2,77,100,1,ONT,0,1,0,0,Кирова,18,5,5,1
101,Пульт не переключает каналы на ТВ-приставке,1,1,1,8.6,1,1,1,10,11,0,-51,1,1,64,200,0,медиаконвертер,1,1,0,0,Мира,44,1,1,0
102,Пульт не переключает каналы на ТВ-приставке,1,1,0,15.5,1,1,1,20,8,5,-85,1,2,112,200,0,коммутатор,1,0,1,0,Советская,31,3,1,0
103,Порт на коммутаторе DOWN,0,0,28,32.2,1,1,1,130,84,53,-45,1,0,68,100,0,коммутатор,1,0,1,0,Пушкина,48,2,2,2
104,"Не знаю, что делать, SIP не регистрируется, уточните логин и пароль",1,0,6,29.4,0,1,1,69,108,19,-70,0,1,130,200,1,приставка,1,1,0,0,Кирова,25,1,10,1
105,"Файрвол включён, интернет не работает, отключите его",1,1,3,15.7,1,1,1,7,22,1,-50,1,2,70,200,0,роутер,0,0,0,0,Гагарина,6,2,7,0
106,Срочно! Пульт не переключает каналы на ТВ-приставке,1,1,2,18.0,1,1,1,16,40,0,-90,1,2,129,100,0,коммутатор,1,1,0,0,Мира,32,2,2,0
107,"Настройте DNS, сайты не открываются",1,1,2,19.2,1,1,1,20,9,2,-44,1,1,88,100,0,медиаконвертер,0,0,1,0,Пушкина,22,4,6,0
108,После перезагрузки роутера всё заработало,1,1,2,7.7,1,1,1,24,17,3,-65,1,1,124,300,1,коммутатор,1,0,0,1,Мира,8,5,4,0
109,Срочно! Проверьте настройки роутера по телефону,1,1,6,23.5,1,1,0,48,67,2,-82,1,1,62,300,0,ONT,1,0,1,0,Победы,35,5,7,1
110,"SIP не регистрируется, уточните логин и пароль",1,1,2,22.9,1,1,0,26,61,11,-88,1,2,126,200,1,роутер,0,0,0,0,Советская,45,5,4,1
111,Пульт не переключает каналы на ТВ-приставке,1,1,2,20.0,1,1,1,26,37,1,-60,0,2,147,100,0,приставка,1,0,1,0,Мира,31,1,8,0
112,"Медленно грузит, выясните количество устройств",1,1,1,23.5,0,1,0,21,73,20,-80,1,1,96,100,0,медиаконвертер,1,1,0,0,Гагарина,12,4,7,1
113,"Файрвол включён, интернет не работает, отключите его",1,1,1,8.1,1,1,1,18,29,0,-42,1,0,103,100,0,медиаконвертер,1,1,0,1,Советская,41,3,10,0
114,Пульт не переключает каналы на ТВ-приставке,1,1,1,17.2,1,1,1,16,27,3,-45,1,0,116,100,1,роутер,1,0,0,0,Победы,27,5,3,0
115,"Помогите! Медленно грузит, выясните количество устройств",1,1,7,22.4,0,1,1,28,53,10,-68,1,2,47,100,1,коммутатор,1,1,0,0,Пушкина,29,4,3,1
116,"ТВ-приставка не показывает каналы, пульт не реагирует",1,1,2,8.4,1,1,1,12,23,0,-72,1,2,102,300,1,коммутатор,1,1,0,0,Мира,35,1,8,0
117,"Помогите! Медленно грузит, выясните количество устройств",1,1,1,25.5,0,1,1,42,41,14,-75,1,1,140,300,1,приставка,1,1,1,1,Советская,23,5,5,1
118,"Wi-Fi отключается, спросите про фоновую загрузку",1,1,2,29.3,1,1,1,37,95,3,-40,1,0,65,300,0,приставка,1,1,1,1,Кирова,26,4,3,1
119,"SIP не регистрируется, уточните логин и пароль",1,1,8,25.0,1,0,1,70,41,12,-46,1,1,88,200,1,коммутатор,0,1,1,1,Победы,41,3,2,1
120,"Медленно грузит, выясните количество устройств",1,1,8,21.6,0,1,1,40,66,10,-54,1,1,144,300,0,роутер,0,1,0,0,Пушкина,11,4,8,1
121,Пульт не переключает каналы на ТВ-приставке,1,1,2,7.4,1,1,1,27,13,5,-73,0,1,62,100,1,приставка,0,1,1,1,Победы,42,1,2,0
122,Помогите! Переподключите питание приставки,1,1,0,15.4,1,1,1,21,33,0,-83,1,2,118,100,1,роутер,1,0,1,0,Мира,20,2,7,0
123,"Wi-Fi отключается, спросите про фоновую загрузку",1,1,10,13.3,0,0,1,56,31,19,-68,1,1,147,200,1,приставка,0,0,1,0,Победы,23,4,6,1
124,"Wi-Fi отключается, спросите про фоновую загрузку",1,0,0,27.0,0,1,1,58,107,9,-48,1,1,96,300,0,ONT,1,0,1,1,Победы,25,1,4,1
125,"Не могу войти в личный кабинет, ошибка 403",1,1,1,10.8,1,1,1,5,28,2,-54,1,1,127,200,0,роутер,1,0,0,1,Пушкина,26,5,5,0
126,Проверьте настройки роутера по телефону,1,1,9,13.1,1,1,0,60,98,17,-85,1,1,133,100,1,ONT,1,1,0,0,Мира,45,4,4,1
127,"Не могу войти в личный кабинет, ошибка 403",1,1,0,9.6,1,1,1,8,34,4,-43,1,1,45,100,0,роутер,0,1,0,1,Кирова,17,2,6,0
128,"Настройте DNS, сайты не открываются",1,1,3,9.1,1,1,1,8,6,2,-86,1,0,93,200,1,роутер,1,1,0,0,Ленина,37,1,4,0
129,"Срочно! Низкая скорость, уточните настройки у абонента",1,0,0,21.1,0,1,1,44,49,5,-45,1,2,58,200,0,ONT,1,0,1,0,Ленина,33,1,3,1
130,"ТВ-приставка не показывает каналы, пульт не реагирует",1,1,2,9.9,1,1,1,7,34,2,-55,1,1,55,200,1,коммутатор,1,0,1,1,Пушкина,13,5,4,0
131,Уже второй день Пульт не переключает каналы на ТВ-приставке,1,1,0,16.4,1,1,1,25,5,2,-66,1,1,43,100,0,ONT,1,0,1,1,Ленина,3,2,9,0
132,Сбросьте PPPoE-сессию на коммутаторе,1,1,0,12.6,1,1,1,28,10,4,-50,1,0,105,300,0,ONT,1,0,0,1,Пушкина,26,3,6,0
133,"Помогите! Файрвол включён, интернет не работает, отключите его",1,1,0,7.5,1,1,1,9,11,1,-61,1,0,98,200,0,ONT,1,0,0,0,Кирова,20,5,1,0
134,Помогите! Сбросьте PPPoE-сессию на коммутаторе,1,1,0,15.2,1,1,1,16,30,4,-74,1,1,33,200,1,коммутатор,1,0,0,1,Гагарина,8,1,1,0
135,"Не знаю, что делать, Сгорел блок питания роутера, не включается",0,1,12,30.3,1,1,1,199,230,56,-86,1,2,133,100,0,медиаконвертер,0,1,0,1,Победы,47,4,8,2
136,Помогите! Пульт не переключает каналы на ТВ-приставке,1,1,3,18.3,1,1,1,10,22,2,-88,1,1,112,200,1,ONT,1,1,0,0,Победы,13,5,4,0
137,Проверьте настройки роутера по телефону,1,1,9,20.0,1,1,1,54,92,11,-66,1,0,70,300,0,роутер,1,1,0,1,Советская,23,5,4,1
138,"Полный обрыв, линка нет вообще",0,1,28,42.7,1,1,1,64,275,54,-66,1,1,52,100,1,медиаконвертер,1,0,1,1,Советская,10,5,4,2
139,Приставка не включается совсем,0,0,25,30.0,0,0,0,106,85,73,-51,1,1,73,300,0,медиаконвертер,0,0,1,0,Ленина,34,3,2,2
140,Пульт не переключает каналы на ТВ-приставке,1,1,1,19.6,1,1,1,15,24,2,-44,1,2,113,200,0,коммутатор,1,1,1,0,Советская,12,4,5,0
141,"Срочно! SIP не регистрируется, уточните логин и пароль",1,1,5,28.4,1,1,1,22,53,19,-51,1,0,149,200,0,медиаконвертер,1,0,1,0,Ленина,46,3,8,1
142,"Файрвол включён, интернет не работает, отключите его",1,1,0,15.8,1,1,1,7,27,2,-87,1,2,51,200,1,ONT,1,0,1,1,Советская,42,2,3,0
143,"ТВ-приставка не показывает каналы, пульт не реагирует",1,1,0,10.1,1,1,1,15,21,0,-66,1,0,100,100,1,коммутатор,1,1,1,0,Кирова,11,5,7,0
144,"Не могу войти в личный кабинет, ошибка 403",1,1,2,14.9,1,1,1,11,31,5,-71,1,0,80,300,1,приставка,0,0,0,1,Кирова,39,4,4,0
145,"Уже второй день Файрвол включён, интернет не работает, отключите его",1,1,2,16.8,1,1,1,7,35,0,-60,1,1,41,300,1,приставка,1,0,0,0,Победы,30,3,4,0
146,"Срочно! Собака перегрызла кабель, интернет пропал",0,0,11,42.6,1,1,1,200,138,75,-57,1,2,103,100,1,медиаконвертер,0,1,1,0,Советская,37,5,3,2
147,Помогите! Переподключите питание приставки,1,1,0,11.4,1,1,1,11,17,1,-47,1,1,136,300,1,медиаконвертер,1,1,0,0,Победы,36,3,5,0
148,"Низкая скорость, уточните настройки у абонента",1,1,2,21.3,1,1,1,27,83,4,-53,1,0,148,100,0,медиаконвертер,1,1,1,0,Кирова,32,5,10,1
149,После перезагрузки роутера всё заработало,1,1,3,18.3,1,1,1,9,30,0,-69,1,0,125,200,1,медиаконвертер,0,1,0,0,Победы,45,1,4,0
150,Переподключите питание приставки,1,1,3,14.1,1,1,1,15,22,5,-85,1,1,146,200,1,коммутатор,1,1,0,0,Мира,46,5,7,0
151,"Помогите! ТВ-приставка не показывает каналы, пульт не реагирует",1,1,3,5.8,1,1,1,6,20,0,-67,1,1,77,200,1,роутер,1,0,0,0,Пушкина,31,5,9,0
152,После перезагрузки роутера всё заработало,1,1,0,10.8,1,1,1,13,10,2,-80,1,1,139,100,0,приставка,1,1,0,1,Пушкина,44,1,8,0
153,"Соседи порвали кабель при копании, связи нет",0,0,30,34.1,1,1,1,128,262,85,-66,1,2,62,100,1,медиаконвертер,1,1,0,0,Советская,43,3,9,2
154,Проверьте настройки роутера по телефону,1,1,5,27.2,0,1,0,41,65,20,-74,1,1,54,100,0,роутер,1,1,0,0,Кирова,9,1,8,1
155,Порт на коммутаторе DOWN,0,1,20,40.9,1,1,1,196,288,52,-76,1,2,146,300,1,коммутатор,1,0,0,0,Мира,7,4,3,2
156,"Уточните, не было ли повреждений кабеля",1,0,3,24.9,1,1,1,25,58,11,-71,1,1,77,200,1,ONT,1,1,1,0,Советская,5,4,4,1
157,"Уточните, не было ли повреждений кабеля",1,1,6,29.7,1,0,0,28,55,10,-61,0,1,129,100,1,медиаконвертер,1,0,0,0,Мира,14,2,10,1
158,"Медленно грузит, выясните количество устройств",1,0,6,29.3,0,1,1,60,84,12,-66,0,1,123,200,0,медиаконвертер,1,1,0,0,Кирова,16,2,6,1
159,"Не могу войти в личный кабинет, ошибка 403",1,1,0,17.4,1,1,1,23,24,1,-71,1,2,123,300,1,ONT,1,1,0,1,Мира,49,2,3,0
160,"Помогите! Кабель оборван, видны голые провода",1,0,13,35.5,1,1,1,200,209,50,-49,1,2,142,300,1,коммутатор,1,1,0,0,Пушкина,2,1,2,2
161,Уже второй день Пульт не переключает каналы на ТВ-приставке,1,1,0,9.5,1,1,1,20,14,1,-48,0,1,109,300,0,ONT,1,0,1,0,Ленина,7,4,4,0
162,"SIP не регистрируется, уточните логин и пароль",1,0,8,19.9,1,1,1,38,50,1,-77,1,2,72,100,0,роутер,1,1,1,0,Гагарина,6,5,2,1
163,"Низкая скорость, уточните настройки у абонента",1,1,1,26.3,0,1,1,36,89,1,-88,1,1,132,300,1,ONT,1,0,1,0,Пушкина,9,2,6,1
164,Переподключите питание приставки,1,1,2,7.7,1,1,1,13,10,2,-65,1,2,64,200,1,ONT,1,1,0,0,Ленина,11,1,7,0
165,Приставка не включается совсем,0,0,14,37.2,0,0,0,141,236,41,-59,0,2,86,100,0,медиаконвертер,1,0,1,0,Кирова,37,5,4,2
166,"Обрыв магистрального кабеля, район без интернета",0,1,30,35.8,1,1,1,113,203,62,-55,1,0,31,300,0,коммутатор,1,1,1,0,Победы,21,2,6,2
167,"Собака перегрызла кабель, интернет пропал",0,0,28,36.7,1,1,1,70,197,68,-59,1,0,93,300,0,роутер,1,0,0,1,Пушкина,39,5,5,2
168,"Сгорел блок питания роутера, не включается",0,0,20,38.4,1,1,1,107,296,69,-51,1,1,121,200,0,роутер,1,0,0,1,Пушкина,19,5,9,2
169,"Помогите! Не могу войти в личный кабинет, ошибка 403",1,1,3,6.6,1,1,1,20,13,5,-51,1,0,149,200,0,ONT,1,0,0,1,Ленина,41,5,2,0
170,"Медленно грузит, выясните количество устройств",1,1,8,28.7,1,0,1,20,97,1,-53,1,1,118,300,0,приставка,0,1,0,0,Победы,27,5,4,1
171,Сбросьте PPPoE-сессию на коммутаторе,1,1,3,14.0,1,1,1,19,13,1,-43,1,1,121,300,0,приставка,1,1,0,1,Гагарина,46,2,9,0
172,"Уточните, не было ли повреждений кабеля",1,0,10,25.0,1,1,1,57,103,13,-56,1,2,133,100,0,роутер,1,0,0,0,Пушкина,11,3,5,1
173,"ТВ-приставка не показывает каналы, пульт не реагирует",1,1,0,10.4,1,1,1,14,18,4,-62,0,1,125,300,1,приставка,1,1,0,0,Ленина,25,4,7,0
174,"Обрыв магистрального кабеля, район без интернета",0,1,30,40.6,0,0,0,163,292,54,-49,1,1,129,300,0,медиаконвертер,1,1,0,1,Кирова,33,1,7,2
175,"Настройте DNS, сайты не открываются",1,1,2,5.1,1,1,1,9,15,4,-61,1,1,35,100,1,коммутатор,0,1,0,0,Победы,37,5,6,0
176,Сбросьте PPPoE-сессию на коммутаторе,1,1,1,11.2,1,1,1,10,38,0,-56,1,1,58,100,1,медиаконвертер,1,0,1,0,Советская,49,1,2,0
177,"Медленно грузит, выясните количество устройств",1,1,6,28.3,1,1,0,22,117,10,-83,1,1,33,300,1,коммутатор,1,1,0,1,Гагарина,21,5,2,1
178,"Соседи порвали кабель при копании, связи нет",1,1,16,43.0,1,1,1,103,251,80,-63,1,1,98,300,1,роутер,1,0,0,0,Ленина,5,1,3,2
179,Помогите! Проверьте настройки роутера по телефону,1,1,5,10.3,1,1,1,60,81,13,-47,0,0,112,300,0,коммутатор,0,1,0,0,Мира,44,3,10,1
180,Переподключите питание приставки,1,1,1,13.0,1,1,1,26,6,3,-82,1,1,111,100,1,медиаконвертер,1,0,1,0,Ленина,1,5,10,0
181,"Не могу войти в личный кабинет, ошибка 403",1,1,3,18.6,1,1,1,28,27,1,-58,0,1,58,300,1,приставка,0,1,0,0,Пушкина,36,4,9,0
182,"Не могу войти в личный кабинет, ошибка 403",1,1,2,6.9,1,1,1,11,36,2,-49,1,1,109,100,0,медиаконвертер,1,0,0,0,Гагарина,37,5,6,0
183,"Уже второй день Кабель оборван, видны голые провода",0,0,14,40.2,1,1,1,161,150,63,-69,1,2,87,200,1,ONT,1,0,0,1,Пушкина,9,5,4,2
184,"Не могу войти в личный кабинет, ошибка 403",1,1,0,17.2,1,1,1,5,37,5,-53,1,1,146,100,1,коммутатор,1,1,0,0,Победы,15,5,5,0
185,"Не могу войти в личный кабинет, ошибка 403",1,1,1,17.7,1,1,1,21,5,5,-51,1,1,87,100,0,коммутатор,1,1,1,1,Победы,23,1,4,0
186,"Уже второй день Wi-Fi отключается, спросите про фоновую загрузку",1,0,7,28.4,0,1,0,53,76,12,-88,0,1,43,300,1,медиаконвертер,1,1,0,0,Советская,42,1,9,1
187,"Файрвол включён, интернет не работает, отключите его",1,1,3,18.3,1,1,1,16,27,3,-90,1,1,86,100,0,роутер,1,0,0,0,Советская,46,1,4,0
188,Сбросьте PPPoE-сессию на коммутаторе,1,1,1,13.9,1,1,1,20,35,3,-49,1,0,61,100,0,коммутатор,1,0,0,1,Гагарина,4,2,5,0
189,"Кабель оборван, видны голые провода",0,0,24,39.1,1,1,1,122,101,53,-60,1,1,58,200,0,коммутатор,1,0,0,0,Кирова,44,3,8,2
190,"Низкая скорость, уточните настройки у абонента",1,1,10,18.4,0,0,0,32,96,16,-81,1,1,90,300,0,коммутатор,1,0,0,0,Советская,35,1,7,1
191,"SIP не регистрируется, уточните логин и пароль",1,1,5,21.8,1,1,0,80,91,12,-43,1,0,84,100,1,ONT,1,1,0,0,Советская,27,3,4,1
192,"ТВ-приставка не показывает каналы, пульт не реагирует",1,1,3,14.8,1,1,1,8,38,0,-46,1,2,76,100,0,ONT,1,0,1,0,Мира,40,3,7,0
193,"Медленно грузит, выясните количество устройств",1,1,4,29.8,1,0,1,55,101,15,-54,1,2,124,100,0,приставка,1,1,0,0,Победы,22,5,10,1
194,"Не знаю, что делать, Уточните, не было ли повреждений кабеля",1,1,1,11.3,0,0,0,50,106,13,-76,1,0,122,200,1,коммутатор,1,0,1,0,Пушкина,12,4,8,1
195,"Помогите! Настройте DNS, сайты не открываются",1,1,0,10.4,1,1,1,24,15,5,-49,0,1,41,200,1,медиаконвертер,1,1,0,0,Кирова,5,1,9,0
196,Сбросьте PPPoE-сессию на коммутаторе,1,1,1,11.8,1,1,1,13,19,4,-65,1,1,52,200,0,коммутатор,0,0,1,1,Мира,35,5,5,0
197,"Медленно грузит, выясните количество устройств",1,0,7,12.3,1,1,1,49,105,0,-86,1,1,116,300,0,медиаконвертер,1,0,0,1,Мира,16,3,2,1
198,Помогите! Сбросьте PPPoE-сессию на коммутаторе,1,1,1,18.4,1,1,1,20,25,2,-73,1,1,93,300,0,приставка,1,1,0,0,Гагарина,40,3,3,0
199,"Низкая скорость, уточните настройки у абонента",1,1,7,17.4,1,1,1,20,99,1,-70,1,1,92,100,1,ONT,1,1,0,1,Победы,35,1,9,1
200,После перезагрузки роутера всё заработало,1,1,2,15.3,1,1,1,8,38,3,-90,1,2,104,100,1,медиаконвертер,1,0,0,0,Победы,40,3,6,0
201,Пульт не переключает каналы на ТВ-приставке,1,1,3,9.2,1,1,1,27,28,2,-79,1,1,134,100,1,приставка,1,1,0,1,Кирова,10,4,1,0
202,Уже второй день Переподключите питание приставки,1,1,2,13.4,1,1,1,30,36,2,-54,0,0,118,100,0,приставка,1,1,0,0,Мира,17,3,6,0
203,"SIP не регистрируется, уточните логин и пароль",1,1,9,23.0,0,1,1,58,55,18,-56,1,1,75,200,1,ONT,1,0,0,0,Гагарина,11,3,7,1
204,Проверьте настройки роутера по телефону,1,0,10,15.8,0,0,1,34,70,10,-73,1,2,64,200,1,коммутатор,1,1,0,1,Гагарина,47,2,5,1
205,"Полный обрыв, линка нет вообще",0,0,10,41.6,1,1,1,171,220,43,-57,1,0,43,200,0,роутер,1,1,0,0,Мира,29,2,3,2
206,"Уже второй день Wi-Fi отключается, спросите про фоновую загрузку",1,1,7,12.7,1,1,1,79,64,17,-46,1,2,110,300,1,коммутатор,1,1,1,0,Гагарина,6,4,5,1
207,"Срочно! Настройте DNS, сайты не открываются",1,1,2,9.3,1,1,1,5,38,1,-56,0,2,126,200,1,роутер,1,1,0,1,Советская,24,2,7,0
208,"Кабель оборван, видны голые провода",0,1,12,36.3,0,0,0,146,136,56,-75,1,1,66,300,1,ONT,0,0,0,0,Победы,40,4,5,2
209,"Срочно! Медленно грузит, выясните количество устройств",1,0,4,12.5,0,1,0,31,43,9,-62,1,1,41,100,0,ONT,1,1,1,0,Мира,30,1,6,1
210,"Не знаю, что делать, После перезагрузки роутера всё заработало",1,1,1,7.9,1,1,1,7,39,3,-74,1,0,45,300,0,ONT,1,1,1,0,Победы,48,1,9,0
211,"Wi-Fi отключается, спросите про фоновую загрузку",1,1,8,12.4,1,1,0,60,35,17,-60,1,1,76,100,0,роутер,1,1,0,1,Советская,8,4,4,1
212,"ТВ-приставка не показывает каналы, пульт не реагирует",1,1,1,10.6,1,1,1,27,35,5,-85,1,2,41,300,1,роутер,0,1,1,1,Гагарина,32,2,6,0
213,"Обрыв магистрального кабеля, район без интернета",0,0,18,43.5,1,1,1,141,265,48,-59,1,1,99,300,1,приставка,1,1,0,0,Пушкина,39,5,3,2
214,После перезагрузки роутера всё заработало,1,1,3,5.0,1,1,1,13,39,2,-50,1,1,143,100,1,коммутатор,1,1,0,0,Победы,13,5,8,0
215,"Wi-Fi отключается, спросите про фоновую загрузку",1,1,10,11.3,1,1,1,27,42,16,-82,1,0,55,100,1,приставка,0,1,1,0,Советская,40,5,5,1
216,"Файрвол включён, интернет не работает, отключите его",1,1,3,18.9,1,1,1,7,5,1,-85,1,0,76,300,1,медиаконвертер,1,0,0,0,Кирова,5,3,2,0
217,"Помогите! Полный обрыв, линка нет вообще",0,0,15,38.4,1,1,1,113,225,80,-55,1,0,128,300,1,ONT,1,1,0,1,Советская,26,5,6,2
218,Проверьте настройки роутера по телефону,1,1,10,18.6,1,1,1,40,77,13,-44,1,1,102,300,0,ONT,1,1,0,1,Победы,26,1,1,1
219,"Собака перегрызла кабель, интернет пропал",1,0,10,41.6,0,0,0,106,134,60,-46,1,1,42,100,1,медиаконвертер,0,0,1,0,Мира,20,1,10,2
220,"Файрвол включён, интернет не работает, отключите его",1,1,1,12.3,1,1,1,28,25,3,-46,1,0,106,300,1,роутер,1,1,0,0,Пушкина,22,3,7,0
221,"Не могу войти в личный кабинет, ошибка 403",1,1,3,5.8,1,1,1,12,5,5,-57,0,1,71,300,0,приставка,0,1,0,0,Советская,37,5,2,0
222,"Настройте DNS, сайты не открываются",1,1,0,12.1,1,1,1,9,13,2,-43,0,2,63,100,1,коммутатор,1,1,1,0,Гагарина,32,4,10,0
223,"Файрвол включён, интернет не работает, отключите его",1,1,0,6.7,1,1,1,13,32,2,-64,1,1,54,200,1,коммутатор,1,1,0,0,Пушкина,29,5,3,0
224,"Уже второй день Файрвол включён, интернет не работает, отключите его",1,1,0,8.6,1,1,1,9,10,0,-51,1,1,31,200,0,медиаконвертер,1,0,0,0,Гагарина,35,5,5,0
225,Проверьте настройки роутера по телефону,1,0,10,20.5,1,1,1,21,78,18,-74,1,1,55,300,1,роутер,1,1,0,0,Кирова,43,3,2,1
226,Пульт не переключает каналы на ТВ-приставке,1,1,0,18.6,1,1,1,17,37,5,-59,1,0,53,100,1,коммутатор,1,0,0,0,Мира,32,4,3,0
227,Сбросьте PPPoE-сессию на коммутаторе,1,1,2,17.2,1,1,1,14,20,4,-50,1,2,143,100,1,приставка,0,1,0,0,Победы,34,5,4,0
228,После перезагрузки роутера всё заработало,1,1,1,8.1,1,1,1,14,26,3,-82,1,1,140,100,1,коммутатор,1,1,1,1,Кирова,37,2,6,0
229,"Помогите! Не могу войти в личный кабинет, ошибка 403",1,1,3,19.4,1,1,1,28,6,2,-71,1,1,49,100,0,приставка,0,1,0,0,Советская,40,2,10,0
230,"ТВ-приставка не показывает каналы, пульт не реагирует",1,1,3,15.7,1,1,1,27,35,1,-67,1,2,92,200,0,приставка,0,0,1,0,Мира,27,2,4,0
231,"Не знаю, что делать, Низкая скорость, уточните настройки у абонента",1,1,6,18.1,1,1,1,75,88,7,-88,1,2,122,200,1,коммутатор,1,1,0,0,Кирова,3,5,2,1
232,"ТВ-приставка не показывает каналы, пульт не реагирует",1,1,3,19.8,1,1,1,12,38,4,-88,1,0,54,200,1,ONT,1,1,0,0,Мира,40,1,9,0
233,Приставка не включается совсем,0,1,14,35.9,0,0,0,199,258,74,-70,1,1,88,300,0,ONT,0,0,0,1,Гагарина,46,1,2,2
234,Переподключите питание приставки,1,1,3,15.9,1,1,1,7,38,5,-58,1,1,78,300,1,роутер,1,1,0,0,Гагарина,11,2,3,0
235,"Низкая скорость, уточните настройки у абонента",1,1,2,29.2,1,1,1,60,53,3,-90,1,1,31,200,1,ONT,1,0,1,0,Советская,43,4,8,1
236,"Не могу войти в личный кабинет, ошибка 403",1,1,2,14.3,1,1,1,5,20,4,-55,1,1,36,100,0,роутер,1,0,1,0,Пушкина,39,3,6,0
237,"Помогите! Собака перегрызла кабель, интернет пропал",0,0,15,44.5,1,1,1,196,281,75,-43,1,0,41,200,1,медиаконвертер,1,1,1,1,Ленина,19,4,3,2
238,"Настройте DNS, сайты не открываются",1,1,1,14.2,1,1,1,18,38,1,-84,1,0,91,300,1,ONT,1,0,0,1,Мира,9,5,10,0
239,Переподключите питание приставки,1,1,2,19.7,1,1,1,10,19,5,-90,0,2,110,100,0,коммутатор,1,1,0,0,Кирова,14,1,4,0
240,"SIP не регистрируется, уточните логин и пароль",1,1,10,16.7,1,1,1,40,30,3,-65,1,0,136,100,0,медиаконвертер,1,1,0,0,Ленина,42,2,8,1
241,Переподключите питание приставки,1,1,3,18.9,1,1,1,22,26,3,-87,1,1,102,300,1,коммутатор,1,0,0,1,Пушкина,23,1,3,0
242,"ТВ-приставка не показывает каналы, пульт не реагирует",1,1,3,7.8,1,1,1,17,39,1,-83,1,1,120,200,0,медиаконвертер,1,1,0,0,Мира,14,5,5,0
243,Сбросьте PPPoE-сессию на коммутаторе,1,1,3,12.6,1,1,1,29,17,0,-60,1,1,54,200,1,коммутатор,1,0,1,0,Советская,44,2,4,0
244,"Медленно грузит, выясните количество устройств",1,1,1,16.7,0,0,1,79,35,19,-88,0,1,32,300,1,приставка,1,0,0,0,Победы,43,1,5,1
245,"Срочно! Настройте DNS, сайты не открываются",1,1,2,9.1,1,1,1,11,39,2,-45,1,1,51,100,1,коммутатор,1,1,0,0,Кирова,4,1,7,0
246,Пульт не переключает каналы на ТВ-приставке,1,1,2,9.7,1,1,1,27,33,4,-78,1,0,148,200,0,роутер,1,1,0,0,Кирова,42,4,8,0
247,"Уже второй день Файрвол включён, интернет не работает, отключите его",1,1,2,16.8,1,1,1,16,30,1,-70,1,0,38,200,0,медиаконвертер,1,1,0,0,Советская,9,5,2,0
248,"Не могу войти в личный кабинет, ошибка 403",1,1,3,11.0,1,1,1,25,9,2,-64,1,1,100,100,1,ONT,0,0,0,0,Победы,37,3,9,0
249,"Wi-Fi отключается, спросите про фоновую загрузку",1,0,9,21.9,1,1,1,73,92,3,-70,1,2,52,200,1,роутер,1,1,0,1,Мира,32,1,2,1
250,После перезагрузки роутера всё заработало,1,1,1,11.8,1,1,1,29,5,1,-72,1,2,55,100,1,медиаконвертер,1,1,0,1,Победы,46,3,2,0
251,Проверьте настройки роутера по телефону,1,1,0,24.1,0,1,0,43,100,1,-68,0,1,140,100,0,ONT,1,0,0,0,Победы,28,5,4,1
252,"Не знаю, что делать, Медленно грузит, выясните количество устройств",1,1,2,10.2,1,0,1,75,115,4,-49,0,2,114,200,0,роутер,0,1,1,1,Кирова,39,4,10,1
253,Пульт не переключает каналы на ТВ-приставке,1,1,1,7.8,1,1,1,19,29,2,-52,0,2,138,300,0,коммутатор,1,1,0,0,Ленина,37,4,6,0
254,Переподключите питание приставки,1,1,2,12.0,1,1,1,7,14,5,-85,1,0,61,200,0,коммутатор,1,0,0,0,Пушкина,1,4,8,0
255,"Медленно грузит, выясните количество устройств",1,1,9,25.0,1,1,1,38,51,1,-44,1,1,37,300,1,коммутатор,0,0,1,1,Советская,2,3,8,1
256,"Не могу войти в личный кабинет, ошибка 403",1,1,2,9.1,1,1,1,13,21,1,-74,0,0,107,100,0,ONT,1,0,1,0,Гагарина,34,1,6,0
257,"Соседи порвали кабель при копании, связи нет",1,1,17,39.9,1,1,1,155,277,64,-44,1,1,103,300,1,роутер,1,1,0,0,Победы,31,3,8,2
258,Проверьте настройки роутера по телефону,1,1,6,10.2,1,1,1,36,48,16,-62,1,1,97,300,0,роутер,1,1,1,0,Кирова,18,3,5,1
259,"Не могу войти в личный кабинет, ошибка 403",1,1,1,16.0,1,1,1,23,30,3,-53,1,1,116,300,0,медиаконвертер,1,1,1,0,Ленина,34,1,8,0
260,"Настройте DNS, сайты не открываются",1,1,0,5.9,1,1,1,6,6,4,-52,1,1,106,300,0,роутер,0,1,0,1,Кирова,37,2,2,0
261,"SIP не регистрируется, уточните логин и пароль",1,1,10,25.4,0,1,1,79,65,13,-70,1,0,65,100,1,ONT,1,0,1,0,Победы,5,4,4,1
262,"Wi-Fi отключается, спросите про фоновую загрузку",1,0,1,28.3,0,1,1,33,108,20,-45,1,0,39,100,1,ONT,0,1,0,0,Ленина,43,4,5,1
263,Сбросьте PPPoE-сессию на коммутаторе,1,1,3,12.2,1,1,1,23,5,4,-65,1,0,99,100,0,ONT,1,1,0,0,Мира,22,3,7,0
264,"Не могу войти в личный кабинет, ошибка 403",1,1,2,14.7,1,1,1,15,10,3,-79,1,2,114,100,1,ONT,1,1,0,0,Кирова,29,2,3,0
265,"ТВ-приставка не показывает каналы, пульт не реагирует",1,1,3,5.9,1,1,1,23,20,3,-56,1,2,98,200,0,роутер,1,0,1,0,Гагарина,42,5,8,0
266,"Соседи порвали кабель при копании, связи нет",0,0,25,43.6,1,1,1,175,247,41,-51,0,1,31,100,0,медиаконвертер,1,0,0,1,Ленина,7,1,8,2
267,Проверьте настройки роутера по телефону,1,0,1,29.5,1,1,1,63,81,10,-54,1,1,137,100,0,коммутатор,0,0,0,1,Гагарина,45,3,9,1
268,"Файрвол включён, интернет не работает, отключите его",1,1,3,16.7,1,1,1,6,13,0,-89,1,0,30,100,0,роутер,1,1,0,0,Пушкина,50,4,3,0
269,"Настройте DNS, сайты не открываются",1,1,0,13.9,1,1,1,18,20,1,-45,1,0,110,200,1,ONT,0,0,0,0,Ленина,40,3,9,0
270,"Медленно грузит, выясните количество устройств",1,1,10,26.9,0,1,0,32,44,4,-60,1,1,115,100,0,медиаконвертер,1,1,0,1,Пушкина,30,1,2,1
271,Срочно! Проверьте настройки роутера по телефону,1,1,9,21.6,1,0,0,77,60,14,-64,1,1,59,100,1,приставка,0,1,1,0,Гагарина,5,4,10,1
272,"Не знаю, что делать, Пульт не переключает каналы на ТВ-приставке",1,1,1,11.9,1,1,1,10,29,2,-78,1,1,55,200,0,роутер,1,0,0,1,Победы,27,2,6,0
273,"Настройте DNS, сайты не открываются",1,1,1,6.3,1,1,1,30,15,4,-57,1,1,105,200,1,медиаконвертер,0,1,1,0,Победы,38,2,10,0
274,"Собака перегрызла кабель, интернет пропал",0,1,26,35.9,1,1,1,179,88,67,-46,1,2,93,100,0,коммутатор,1,1,0,0,Мира,19,2,2,2
275,"Не знаю, что делать, Настройте DNS, сайты не открываются",1,1,3,16.6,1,1,1,23,6,3,-45,1,1,110,200,0,роутер,1,1,0,0,Пушкина,18,5,9,0
276,"Wi-Fi отключается, спросите про фоновую загрузку",1,0,10,17.3,1,1,1,79,37,16,-87,0,1,89,300,0,медиаконвертер,1,1,1,0,Пушкина,14,2,6,1
277,"Не могу войти в личный кабинет, ошибка 403",1,1,1,9.8,1,1,1,28,18,5,-73,1,2,65,100,0,медиаконвертер,1,1,0,0,Кирова,35,5,5,0
278,Сбросьте PPPoE-сессию на коммутаторе,1,1,3,6.3,1,1,1,27,9,1,-65,1,1,39,100,0,медиаконвертер,0,0,0,0,Кирова,2,3,7,0
279,"Соседи порвали кабель при копании, связи нет",0,1,17,42.5,0,0,0,98,96,41,-57,1,2,104,200,1,ONT,1,1,1,0,Мира,37,2,5,2
280,"Настройте DNS, сайты не открываются",1,1,1,10.3,1,1,1,16,23,0,-61,1,1,121,300,1,приставка,1,1,0,0,Гагарина,11,2,2,0
281,Сбросьте PPPoE-сессию на коммутаторе,1,1,1,8.1,1,1,1,19,21,2,-45,0,1,74,100,1,ONT,1,0,0,1,Победы,32,2,8,0
282,"Уже второй день Соседи порвали кабель при копании, связи нет",0,0,28,40.9,1,1,1,196,250,49,-62,1,0,123,200,0,приставка,1,0,0,0,Гагарина,29,3,2,2
283,"Файрвол включён, интернет не работает, отключите его",1,1,0,6.3,1,1,1,12,22,1,-62,1,0,95,200,0,ONT,1,1,1,1,Мира,26,2,7,0
284,Уже второй день Сбросьте PPPoE-сессию на коммутаторе,1,1,0,8.2,1,1,1,16,24,3,-62,1,2,132,200,1,приставка,1,1,0,1,Гагарина,38,5,2,0
285,"Настройте DNS, сайты не открываются",1,1,3,6.3,1,1,1,21,26,0,-64,1,1,83,100,1,коммутатор,1,0,0,0,Советская,32,1,5,0
286,Порт на коммутаторе DOWN,1,0,30,42.5,1,1,1,89,147,59,-60,0,1,83,100,1,приставка,0,1,0,1,Советская,48,3,10,2
287,Пульт не переключает каналы на ТВ-приставке,1,1,0,10.6,1,1,1,25,35,5,-44,1,1,50,300,0,приставка,1,1,0,0,Мира,24,4,6,0
288,"Настройте DNS, сайты не открываются",1,1,1,16.5,1,1,1,7,37,1,-52,1,1,141,200,1,медиаконвертер,1,1,0,0,Пушкина,10,1,3,0
289,"SIP не регистрируется, уточните логин и пароль",1,1,3,26.6,1,0,0,33,49,16,-40,1,0,83,200,0,роутер,1,1,0,0,Мира,9,4,10,1
290,"Уже второй день SIP не регистрируется, уточните логин и пароль",1,0,3,16.1,1,0,0,28,118,4,-77,0,0,84,300,0,роутер,0,1,0,0,Ленина,43,5,10,1
291,"Не могу войти в личный кабинет, ошибка 403",1,1,0,16.3,1,1,1,6,9,2,-40,0,1,105,100,0,медиаконвертер,0,0,1,0,Советская,23,3,3,0
292,"Сгорел блок питания роутера, не включается",0,1,16,44.5,1,1,1,185,135,85,-80,1,0,122,100,0,коммутатор,1,1,0,0,Кирова,7,2,6,2
293,"Кабель оборван, видны голые провода",0,0,26,32.0,1,1,1,81,199,47,-42,1,1,101,300,0,роутер,1,0,0,0,Мира,44,4,4,2
294,"SIP не регистрируется, уточните логин и пароль",1,1,2,10.3,0,0,1,80,116,11,-47,1,0,80,200,0,роутер,0,1,0,0,Гагарина,5,3,4,1
295,"Не знаю, что делать, Пульт не переключает каналы на ТВ-приставке",1,1,2,16.3,1,1,1,28,36,2,-49,1,1,90,300,1,ONT,1,0,0,0,Победы,32,2,3,0
296,"ТВ-приставка не показывает каналы, пульт не реагирует",1,1,3,14.1,1,1,1,20,6,1,-70,1,0,127,100,1,ONT,1,1,0,0,Мира,35,5,1,0
297,"Собака перегрызла кабель, интернет пропал",1,0,11,30.5,1,1,1,146,193,69,-55,1,1,143,300,0,ONT,1,0,0,1,Советская,44,4,9,2
298,Проверьте настройки роутера по телефону,1,1,9,29.4,0,1,0,45,63,15,-51,1,1,71,100,0,коммутатор,0,1,0,1,Ленина,49,3,7,1
299,Сбросьте PPPoE-сессию на коммутаторе,1,1,1,8.7,1,1,1,18,27,0,-49,1,0,146,300,0,медиаконвертер,0,0,0,0,Кирова,28,5,9,0
300,"Не знаю, что делать, Порт на коммутаторе DOWN",0,1,13,42.1,0,0,0,149,162,76,-84,1,1,73,200,1,приставка,1,0,0,0,Пушкина,5,5,4,2
301,"ТВ-приставка не показывает каналы, пульт не реагирует",1,1,0,15.8,1,1,1,23,30,1,-53,0,1,64,100,1,ONT,1,1,0,0,Пушкина,20,4,9,0
302,Пульт не переключает каналы на ТВ-приставке,1,1,1,18.2,1,1,1,24,37,3,-50,1,1,103,200,0,ONT,1,1,1,1,Победы,37,1,9,0
303,Помогите! Переподключите питание приставки,1,1,3,9.8,1,1,1,28,24,3,-86,1,2,64,200,0,медиаконвертер,1,0,0,0,Ленина,16,3,8,0
304,Пульт не переключает каналы на ТВ-приставке,1,1,2,7.0,1,1,1,6,17,1,-74,1,1,114,300,0,роутер,1,1,0,1,Ленина,21,5,5,0
305,"Кабель оборван, видны голые провода",0,1,28,41.0,0,0,0,85,140,47,-83,1,1,93,100,0,коммутатор,0,1,0,0,Победы,48,2,7,2
306,"Уже второй день Не могу войти в личный кабинет, ошибка 403",1,1,0,12.4,1,1,1,19,31,2,-67,1,0,70,300,1,ONT,1,1,1,1,Мира,31,3,5,0
307,"ТВ-приставка не показывает каналы, пульт не реагирует",1,1,1,8.8,1,1,1,26,8,5,-66,1,1,145,300,0,коммутатор,1,1,0,1,Победы,17,3,2,0
308,"Сгорел блок питания роутера, не включается",1,0,30,36.1,1,1,1,131,287,89,-88,1,0,135,200,1,ONT,1,0,0,1,Ленина,11,3,9,2
309,Пульт не переключает каналы на ТВ-приставке,1,1,0,16.4,1,1,1,22,25,3,-49,1,2,131,300,0,роутер,1,1,0,0,Гагарина,16,5,3,0
310,"Кабель оборван, видны голые провода",0,0,28,42.4,1,1,1,116,124,83,-72,1,2,77,100,1,ONT,1,1,0,1,Советская,42,5,4,2
311,Помогите! Приставка не включается совсем,0,1,15,44.2,1,1,1,88,102,63,-83,0,2,128,200,1,роутер,1,0,1,1,Мира,19,4,7,2
312,"Файрвол включён, интернет не работает, отключите его",1,1,1,11.1,1,1,1,14,17,3,-81,0,1,60,300,1,приставка,1,1,0,0,Гагарина,21,4,4,0
313,"Уточните, не было ли повреждений кабеля",1,1,5,28.6,1,0,0,55,37,1,-60,1,0,30,200,1,медиаконвертер,1,1,0,1,Ленина,38,2,5,1
314,Переподключите питание приставки,1,1,2,15.7,1,1,1,19,13,0,-63,0,0,70,100,0,ONT,1,1,1,1,Мира,17,5,5,0
315,"Медленно грузит, выясните количество устройств",1,1,7,11.1,1,1,0,55,114,20,-81,0,1,34,200,1,приставка,1,1,1,1,Ленина,29,3,9,1
316,Помогите! Переподключите питание приставки,1,1,1,18.0,1,1,1,8,27,0,-79,1,1,102,300,0,коммутатор,1,0,1,0,Ленина,16,4,2,0
317,"Собака перегрызла кабель, интернет пропал",1,0,14,30.4,0,0,0,77,294,60,-61,1,2,88,300,1,коммутатор,1,0,0,0,Победы,21,5,3,2
318,"ТВ-приставка не показывает каналы, пульт не реагирует",1,1,0,13.2,1,1,1,14,25,0,-52,1,2,62,100,0,ONT,0,1,0,1,Мира,42,2,2,0
319,Пульт не переключает каналы на ТВ-приставке,1,1,0,17.5,1,1,1,14,13,2,-58,1,2,143,200,1,медиаконвертер,1,1,1,1,Советская,12,4,7,0
320,Сбросьте PPPoE-сессию на коммутаторе,1,1,1,19.0,1,1,1,26,19,5,-57,1,0,67,200,1,роутер,1,1,0,0,Мира,16,5,7,0
321,"ТВ-приставка не показывает каналы, пульт не реагирует",1,1,3,11.2,1,1,1,6,37,0,-61,1,1,75,200,0,коммутатор,0,1,0,1,Пушкина,26,1,2,0
322,"Настройте DNS, сайты не открываются",1,1,3,14.4,1,1,1,28,34,5,-74,1,1,57,100,0,коммутатор,1,1,0,0,Победы,8,1,3,0
323,"Медленно грузит, выясните количество устройств",1,1,9,17.2,1,1,1,51,68,19,-47,1,2,132,200,0,приставка,0,0,1,0,Гагарина,2,2,8,1
324,"Уточните, не было ли повреждений кабеля",1,1,7,18.4,1,0,0,39,89,4,-83,1,1,124,300,1,ONT,1,1,0,0,Советская,26,1,6,1
325,Пульт не переключает каналы на ТВ-приставке,1,1,0,12.3,1,1,1,20,40,2,-59,1,2,59,300,0,коммутатор,0,1,0,0,Кирова,27,4,2,0
326,Сбросьте PPPoE-сессию на коммутаторе,1,1,2,15.9,1,1,1,18,6,1,-60,1,1,94,100,1,коммутатор,1,1,0,1,Кирова,46,4,7,0
327,"Обрыв магистрального кабеля, район без интернета",1,1,12,40.0,1,1,1,122,256,87,-82,1,1,107,200,0,ONT,1,1,0,0,Ленина,23,3,6,2
328,"Wi-Fi отключается, спросите про фоновую загрузку",1,1,3,12.4,0,0,1,47,44,19,-76,1,1,130,200,0,коммутатор,1,0,0,0,Кирова,7,1,8,1
329,"Низкая скорость, уточните настройки у абонента",1,1,2,22.6,1,0,1,22,94,3,-77,1,1,123,200,1,коммутатор,1,1,0,0,Пушкина,9,1,4,1
330,Пульт не переключает каналы на ТВ-приставке,1,1,2,9.3,1,1,1,5,20,3,-80,0,1,121,200,1,приставка,0,1,0,0,Пушкина,28,4,7,0
331,"Обрыв магистрального кабеля, район без интернета",0,1,20,34.7,1,1,1,182,97,45,-41,1,0,80,100,0,коммутатор,0,1,1,0,Советская,19,4,7,2
332,Порт на коммутаторе DOWN,0,0,22,36.7,1,1,1,185,236,49,-77,1,2,119,200,1,приставка,1,0,0,0,Кирова,48,2,9,2
333,Порт на коммутаторе DOWN,0,0,27,38.9,0,0,0,90,85,41,-75,1,1,122,200,0,роутер,1,0,0,0,Пушкина,42,1,8,2
334,"ТВ-приставка не показывает каналы, пульт не реагирует",1,1,1,10.3,1,1,1,12,39,4,-72,1,1,121,200,0,роутер,1,1,1,0,Ленина,10,4,7,0
335,"ТВ-приставка не показывает каналы, пульт не реагирует",1,1,3,6.2,1,1,1,9,35,1,-47,1,2,141,200,1,ONT,1,1,1,1,Победы,11,2,9,0
336,Срочно! Переподключите питание приставки,1,1,3,5.5,1,1,1,27,18,3,-80,1,1,147,100,1,роутер,0,1,0,0,Мира,20,3,5,0
337,"ТВ-приставка не показывает каналы, пульт не реагирует",1,1,2,18.3,1,1,1,9,31,0,-77,1,2,30,100,1,роутер,1,1,0,0,Мира,25,4,10,0
338,После перезагрузки роутера всё заработало,1,1,3,7.2,1,1,1,19,33,5,-44,1,2,79,100,1,медиаконвертер,1,1,1,1,Кирова,6,2,1,0
339,"Уточните, не было ли повреждений кабеля",1,1,8,21.5,0,1,1,25,54,19,-87,1,1,126,200,0,роутер,1,1,1,0,Гагарина,16,5,8,1
340,Сбросьте PPPoE-сессию на коммутаторе,1,1,2,11.6,1,1,1,6,36,0,-64,0,1,78,200,0,роутер,1,1,0,0,Пушкина,6,2,5,0
341,"Уже второй день Соседи порвали кабель при копании, связи нет",0,1,23,43.4,0,0,0,75,161,49,-74,1,0,36,100,0,коммутатор,1,1,1,0,Ленина,18,1,6,2
342,Срочно! Пульт не переключает каналы на ТВ-приставке,1,1,2,13.3,1,1,1,18,19,0,-53,1,1,127,300,0,медиаконвертер,1,1,1,0,Пушкина,10,3,9,0
343,"Сгорел блок питания роутера, не включается",0,1,29,34.3,1,1,1,50,288,69,-80,0,2,64,300,1,ONT,1,1,0,1,Мира,3,2,9,2
344,"Срочно! SIP не регистрируется, уточните логин и пароль",1,0,9,20.1,1,1,1,76,85,6,-70,1,1,111,200,1,медиаконвертер,1,1,0,0,Советская,22,1,3,1
345,"Низкая скорость, уточните настройки у абонента",1,0,6,20.8,0,1,0,46,101,15,-40,1,0,98,100,1,роутер,1,1,1,0,Гагарина,50,1,2,1
346,"Файрвол включён, интернет не работает, отключите его",1,1,2,7.9,1,1,1,12,6,2,-51,1,1,59,200,1,роутер,1,1,1,0,Гагарина,41,4,2,0
347,Помогите! Приставка не включается совсем,0,1,28,31.9,1,1,1,194,124,44,-86,0,1,142,300,1,приставка,1,0,1,0,Советская,17,5,8,2
348,Пульт не переключает каналы на ТВ-приставке,1,1,3,17.7,1,1,1,25,8,2,-64,1,2,93,200,0,приставка,0,1,0,0,Победы,13,3,2,0
349,"Собака перегрызла кабель, интернет пропал",0,1,20,34.7,1,1,1,113,130,50,-50,1,0,91,200,0,коммутатор,1,1,1,0,Победы,16,3,1,2
350,"Сгорел блок питания роутера, не включается",1,1,12,44.6,1,1,1,164,228,47,-88,1,0,130,100,0,ONT,0,1,0,0,Ленина,36,1,5,2
351,"Не знаю, что делать, Кабель оборван, видны голые провода",0,1,24,41.9,1,1,1,52,196,64,-51,1,1,113,300,0,ONT,1,1,0,0,Кирова,5,5,4,2
352,"Соседи порвали кабель при копании, связи нет",0,0,14,42.0,1,1,1,163,127,55,-87,0,2,95,300,1,медиаконвертер,1,1,0,0,Советская,22,3,6,2
353,"Срочно! Соседи порвали кабель при копании, связи нет",0,0,20,32.8,0,0,0,101,281,44,-60,1,2,106,300,1,коммутатор,1,0,0,0,Ленина,30,1,8,2
354,"ТВ-приставка не показывает каналы, пульт не реагирует",1,1,1,8.6,1,1,1,27,19,3,-43,1,1,133,300,1,приставка,1,1,0,0,Мира,2,5,2,0
355,Уже второй день Переподключите питание приставки,1,1,1,9.3,1,1,1,6,6,1,-76,1,1,73,300,0,приставка,0,0,0,0,Пушкина,44,2,7,0
356,"Низкая скорость, уточните настройки у абонента",1,0,8,29.5,1,1,0,43,77,5,-51,1,0,45,100,0,приставка,0,0,0,0,Кирова,16,1,10,1
357,Проверьте настройки роутера по телефону,1,0,8,29.4,1,0,0,60,65,4,-59,1,0,130,200,0,приставка,1,1,0,0,Победы,34,4,3,1
358,Сбросьте PPPoE-сессию на коммутаторе,1,1,2,13.7,1,1,1,20,36,3,-50,1,0,56,100,0,ONT,1,0,0,1,Советская,11,3,5,0
359,"Wi-Fi отключается, спросите про фоновую загрузку",1,1,7,20.2,1,1,1,34,104,1,-69,1,2,85,200,1,ONT,1,0,0,0,Кирова,5,3,2,1
360,"Не могу войти в личный кабинет, ошибка 403",1,1,0,10.4,1,1,1,12,11,0,-56,1,1,116,200,1,медиаконвертер,1,1,1,0,Советская,9,5,5,0
361,"Настройте DNS, сайты не открываются",1,1,0,12.1,1,1,1,16,30,3,-58,1,1,140,200,0,приставка,1,0,0,0,Советская,49,4,8,0
362,"Не могу войти в личный кабинет, ошибка 403",1,1,3,8.1,1,1,1,11,32,5,-62,1,0,77,100,0,медиаконвертер,1,0,1,1,Мира,15,4,7,0
363,"Медленно грузит, выясните количество устройств",1,1,0,28.4,1,1,1,57,32,18,-81,1,1,102,300,1,ONT,1,0,0,0,Ленина,22,5,8,1
364,"Срочно! SIP не регистрируется, уточните логин и пароль",1,1,7,10.5,1,0,0,72,118,19,-78,0,2,66,100,0,медиаконвертер,1,0,0,0,Гагарина,21,4,7,1
365,"Не знаю, что делать, Не могу войти в личный кабинет, ошибка 403",1,1,1,6.9,1,1,1,20,9,3,-77,1,2,50,300,1,коммутатор,1,1,0,0,Гагарина,29,1,7,0
366,"Wi-Fi отключается, спросите про фоновую загрузку",1,1,4,22.9,1,1,1,56,35,2,-61,1,1,80,300,0,ONT,1,1,1,0,Кирова,12,5,2,1
367,"ТВ-приставка не показывает каналы, пульт не реагирует",1,1,2,15.0,1,1,1,10,22,5,-86,1,1,146,200,1,коммутатор,0,0,1,0,Пушкина,21,4,8,0
368,"Файрвол включён, интернет не работает, отключите его",1,1,3,10.7,1,1,1,19,6,0,-43,1,1,80,100,0,медиаконвертер,0,1,0,1,Победы,30,1,2,0
369,"Wi-Fi отключается, спросите про фоновую загрузку",1,1,0,22.1,0,1,1,73,50,5,-79,1,2,51,100,0,медиаконвертер,0,0,0,0,Кирова,35,2,8,1
370,"Уточните, не было ли повреждений кабеля",1,1,4,18.9,1,1,1,77,43,12,-52,0,2,128,100,0,медиаконвертер,1,0,0,0,Ленина,22,2,2,1
371,"Не могу войти в личный кабинет, ошибка 403",1,1,1,5.7,1,1,1,26,15,5,-58,0,1,71,300,0,коммутатор,1,1,1,0,Гагарина,7,3,6,0
372,Пульт не переключает каналы на ТВ-приставке,1,1,3,8.3,1,1,1,5,29,1,-48,1,1,35,100,0,ONT,1,1,1,0,Советская,37,2,5,0
373,"Обрыв магистрального кабеля, район без интернета",0,1,30,41.4,1,1,1,84,165,51,-46,1,2,38,200,0,коммутатор,1,1,0,1,Советская,38,1,4,2
374,"Не могу войти в личный кабинет, ошибка 403",1,1,0,5.9,1,1,1,28,32,1,-67,1,1,49,200,0,роутер,1,1,1,0,Мира,9,3,6,0
375,"Низкая скорость, уточните настройки у абонента",1,1,3,14.1,1,1,0,34,72,10,-87,1,1,132,300,0,коммутатор,1,1,0,0,Ленина,32,1,4,1
376,После перезагрузки роутера всё заработало,1,1,1,8.5,1,1,1,9,10,1,-85,1,2,69,100,0,приставка,1,1,0,0,Кирова,13,3,8,0
377,Сбросьте PPPoE-сессию на коммутаторе,1,1,3,12.6,1,1,1,10,35,3,-43,1,1,134,200,0,ONT,1,0,1,0,Советская,10,5,3,0
378,Переподключите питание приставки,1,1,3,6.1,1,1,1,14,29,4,-82,1,1,49,100,0,роутер,1,1,0,0,Победы,26,3,7,0
379,"Не могу войти в личный кабинет, ошибка 403",1,1,1,7.9,1,1,1,6,12,3,-63,1,1,95,300,1,медиаконвертер,1,1,1,1,Гагарина,31,1,6,0
380,"Помогите! Уточните, не было ли повреждений кабеля",1,1,9,21.6,1,1,1,29,62,7,-48,1,0,44,100,1,ONT,1,1,0,1,Победы,11,4,5,1
381,Проверьте настройки роутера по телефону,1,1,1,22.7,1,1,1,66,82,2,-41,1,1,64,300,0,ONT,1,0,0,0,Ленина,5,4,9,1
382,"Настройте DNS, сайты не открываются",1,1,1,15.6,1,1,1,10,16,2,-78,1,0,87,300,0,приставка,1,1,1,0,Пушкина,27,4,10,0
383,Срочно! После перезагрузки роутера всё заработало,1,1,0,10.1,1,1,1,17,12,2,-53,1,2,116,100,0,роутер,1,1,0,1,Ленина,7,2,9,0
384,"Медленно грузит, выясните количество устройств",1,1,5,23.6,1,1,1,58,84,10,-69,1,1,150,200,1,ONT,1,1,1,1,Ленина,30,4,3,1
385,"Не могу войти в личный кабинет, ошибка 403",1,1,3,14.3,1,1,1,13,20,2,-48,1,2,114,100,0,медиаконвертер,0,0,0,1,Мира,44,4,4,0
386,"Медленно грузит, выясните количество устройств",1,0,6,15.9,1,1,1,62,119,3,-78,1,0,46,200,0,медиаконвертер,1,1,1,0,Победы,8,4,9,1
387,"Срочно! Файрвол включён, интернет не работает, отключите его",1,1,0,7.4,1,1,1,8,32,5,-70,1,1,58,300,1,ONT,1,1,0,1,Кирова,47,4,2,0
388,"SIP не регистрируется, уточните логин и пароль",1,1,10,22.8,1,0,1,41,78,12,-55,1,2,133,100,0,медиаконвертер,0,0,0,1,Гагарина,48,1,10,1
389,Сбросьте PPPoE-сессию на коммутаторе,1,1,0,13.9,1,1,1,23,5,2,-78,1,2,70,200,0,коммутатор,1,1,0,0,Пушкина,30,3,3,0
390,Порт на коммутаторе DOWN,0,0,11,39.0,1,1,1,87,271,82,-71,1,0,65,300,1,приставка,1,1,0,1,Мира,10,2,4,2
391,"Низкая скорость, уточните настройки у абонента",1,0,0,21.0,1,1,1,39,114,5,-69,1,2,74,200,1,роутер,1,0,0,0,Пушкина,36,4,2,1
392,"ТВ-приставка не показывает каналы, пульт не реагирует",1,1,1,13.7,1,1,1,27,24,3,-62,1,1,144,100,0,приставка,1,0,0,0,Пушкина,37,1,3,0
393,Пульт не переключает каналы на ТВ-приставке,1,1,2,19.6,1,1,1,10,8,0,-79,1,0,95,300,1,коммутатор,1,0,1,0,Ленина,16,4,8,0
394,После перезагрузки роутера всё заработало,1,1,3,9.1,1,1,1,17,10,3,-49,1,0,45,100,0,роутер,1,1,0,0,Советская,37,4,5,0
395,"Низкая скорость, уточните настройки у абонента",1,0,9,12.5,1,1,1,64,85,9,-70,0,1,81,300,0,ONT,1,1,1,0,Советская,38,5,2,1
396,"Wi-Fi отключается, спросите про фоновую загрузку",1,0,7,26.0,0,1,1,31,30,17,-83,0,1,113,100,0,коммутатор,1,1,0,0,Мира,24,5,3,1
397,"ТВ-приставка не показывает каналы, пульт не реагирует",1,1,3,7.1,1,1,1,6,38,2,-59,1,1,107,300,0,роутер,1,0,0,0,Пушкина,14,2,10,0
398,Проверьте настройки роутера по телефону,1,0,4,17.6,1,1,1,24,100,8,-80,1,0,150,200,1,приставка,1,0,1,1,Кирова,42,2,6,1
399,"Уточните, не было ли повреждений кабеля",1,1,0,29.3,0,1,0,40,85,12,-75,0,0,98,100,1,роутер,1,0,1,1,Гагарина,15,3,1,1
400,"Файрвол включён, интернет не работает, отключите его",1,1,2,13.8,1,1,1,8,12,1,-59,0,1,119,300,1,коммутатор,1,0,0,0,Пушкина,25,2,6,0
401,"Кабель оборван, видны голые провода",0,0,14,35.7,1,1,1,89,248,48,-43,1,1,120,100,1,ONT,0,1,1,0,Мира,28,5,4,2
402,"Не могу войти в личный кабинет, ошибка 403",1,1,0,6.2,1,1,1,18,25,0,-75,1,1,103,100,0,медиаконвертер,1,1,1,1,Победы,44,5,3,0
403,"Не могу войти в личный кабинет, ошибка 403",1,1,0,15.7,1,1,1,24,17,5,-46,1,1,61,300,0,коммутатор,1,0,1,1,Гагарина,12,1,6,0
404,"Обрыв магистрального кабеля, район без интернета",0,0,17,42.5,0,0,0,78,166,83,-41,1,1,68,200,1,медиаконвертер,1,1,0,0,Мира,42,5,1,2
405,Срочно! Приставка не включается совсем,0,0,15,36.0,0,0,0,51,169,86,-90,0,2,55,100,0,ONT,0,1,0,0,Гагарина,31,4,6,2
406,Пульт не переключает каналы на ТВ-приставке,1,1,3,14.8,1,1,1,22,22,0,-62,1,1,125,200,0,медиаконвертер,1,1,0,0,Гагарина,26,4,6,0
407,"Соседи порвали кабель при копании, связи нет",1,1,27,37.4,1,1,1,80,187,71,-47,1,1,126,200,1,приставка,0,0,0,0,Советская,1,2,1,2
408,"SIP не регистрируется, уточните логин и пароль",1,1,7,11.7,1,0,1,50,67,9,-63,1,1,123,300,0,приставка,1,0,0,1,Кирова,28,2,8,1
409,"Низкая скорость, уточните настройки у абонента",1,1,10,13.0,1,0,0,74,105,20,-83,0,0,65,100,0,ONT,0,0,1,0,Советская,20,2,4,1
410,"Не знаю, что делать, Переподключите питание приставки",1,1,0,9.0,1,1,1,25,8,2,-73,1,2,61,200,0,приставка,0,0,1,0,Победы,18,5,2,0
411,"Настройте DNS, сайты не открываются",1,1,0,6.5,1,1,1,16,26,2,-90,1,1,72,200,1,коммутатор,1,0,0,0,Победы,6,1,3,0
412,Помогите! Проверьте настройки роутера по телефону,1,0,5,16.0,1,1,0,24,99,19,-60,1,1,98,300,0,роутер,0,1,1,1,Пушкина,36,3,6,1
413,"Не могу войти в личный кабинет, ошибка 403",1,1,0,7.5,1,1,1,7,35,3,-73,1,1,67,100,0,приставка,1,0,0,1,Ленина,11,4,9,0
414,Пульт не переключает каналы на ТВ-приставке,1,1,0,7.4,1,1,1,13,18,1,-77,1,0,142,300,1,коммутатор,1,1,0,0,Кирова,18,5,2,0
415,"ТВ-приставка не показывает каналы, пульт не реагирует",1,1,1,19.1,1,1,1,14,7,5,-73,1,1,141,100,0,приставка,1,0,0,0,Мира,21,1,9,0
416,После перезагрузки роутера всё заработало,1,1,0,14.4,1,1,1,24,23,2,-90,1,1,123,200,0,медиаконвертер,1,1,1,1,Пушкина,38,1,7,0
417,Порт на коммутаторе DOWN,0,1,16,38.7,1,1,1,106,163,57,-42,1,2,59,300,1,медиаконвертер,0,1,0,0,Пушкина,12,2,10,2
418,После перезагрузки роутера всё заработало,1,1,1,17.3,1,1,1,5,24,1,-47,1,0,48,100,1,приставка,1,1,0,1,Гагарина,47,1,10,0
419,Срочно! Пульт не переключает каналы на ТВ-приставке,1,1,1,16.6,1,1,1,29,7,1,-73,0,0,131,100,0,коммутатор,1,0,1,0,Победы,49,5,8,0
420,Порт на коммутаторе DOWN,0,0,11,31.5,1,1,1,189,111,41,-72,0,2,48,100,0,роутер,1,0,0,0,Кирова,25,1,8,2
421,"Не могу войти в личный кабинет, ошибка 403",1,1,2,6.8,1,1,1,14,27,0,-85,1,1,52,200,1,коммутатор,0,1,1,0,Советская,19,3,2,0
422,Переподключите питание приставки,1,1,1,16.7,1,1,1,13,9,0,-81,1,2,87,300,1,роутер,0,1,1,0,Мира,9,2,7,0
423,Переподключите питание приставки,1,1,2,7.1,1,1,1,27,31,4,-49,1,2,83,300,1,коммутатор,1,1,1,0,Советская,46,4,9,0
424,"Уточните, не было ли повреждений кабеля",1,0,0,17.2,1,0,0,43,30,6,-60,1,0,37,200,1,приставка,1,0,1,1,Победы,16,2,4,1
425,Помогите! После перезагрузки роутера всё заработало,1,1,3,10.6,1,1,1,17,6,5,-46,0,0,91,300,0,роутер,0,0,0,0,Пушкина,27,2,3,0
426,После перезагрузки роутера всё заработало,1,1,3,15.8,1,1,1,27,24,3,-62,1,0,66,100,0,роутер,1,0,1,0,Ленина,26,4,8,0
427,"SIP не регистрируется, уточните логин и пароль",1,1,1,20.4,1,1,0,47,50,8,-82,1,2,109,100,0,ONT,0,1,0,1,Пушкина,45,4,8,1
428,Пульт не переключает каналы на ТВ-приставке,1,1,3,7.9,1,1,1,10,8,2,-84,0,1,107,200,0,приставка,1,1,0,0,Пушкина,20,2,9,0
429,"ТВ-приставка не показывает каналы, пульт не реагирует",1,1,3,5.7,1,1,1,7,7,4,-70,0,1,31,200,1,ONT,1,0,0,0,Гагарина,45,1,6,0
430,"Не могу войти в личный кабинет, ошибка 403",1,1,3,12.2,1,1,1,29,14,0,-88,1,1,117,200,0,роутер,1,0,0,0,Гагарина,50,2,9,0
431,"Уточните, не было ли повреждений кабеля",1,1,9,27.1,1,1,0,41,67,11,-63,0,2,60,100,0,приставка,1,1,0,0,Пушкина,20,5,2,1
432,Переподключите питание приставки,1,1,2,13.6,1,1,1,14,15,0,-68,0,1,120,200,1,ONT,1,1,0,1,Ленина,37,4,1,0
433,"Настройте DNS, сайты не открываются",1,1,2,12.7,1,1,1,24,13,3,-51,1,1,40,300,1,коммутатор,1,1,1,0,Кирова,4,2,9,0
434,"Не могу войти в личный кабинет, ошибка 403",1,1,1,10.8,1,1,1,10,30,0,-61,1,1,89,200,1,роутер,0,1,1,1,Пушкина,28,2,7,0
435,Сбросьте PPPoE-сессию на коммутаторе,1,1,3,6.7,1,1,1,24,36,1,-61,0,1,90,100,0,медиаконвертер,1,1,1,0,Пушкина,24,4,8,0
436,"Файрвол включён, интернет не работает, отключите его",1,1,2,14.5,1,1,1,29,32,2,-85,0,1,81,100,1,ONT,1,1,0,0,Пушкина,4,1,7,0
437,"Уже второй день Настройте DNS, сайты не открываются",1,1,1,19.5,1,1,1,18,35,3,-63,1,2,135,100,0,роутер,1,1,0,0,Пушкина,47,3,1,0
438,Переподключите питание приставки,1,1,3,8.9,1,1,1,20,25,0,-44,0,2,150,100,1,коммутатор,0,0,1,0,Советская,50,2,10,0
439,Сбросьте PPPoE-сессию на коммутаторе,1,1,2,5.2,1,1,1,11,5,2,-71,1,0,119,200,1,ONT,1,0,0,0,Пушкина,22,1,3,0
440,Помогите! Сбросьте PPPoE-сессию на коммутаторе,1,1,2,17.7,1,1,1,22,32,3,-46,1,1,119,300,0,роутер,1,0,0,0,Победы,7,4,10,0
441,"Полный обрыв, линка нет вообще",0,1,24,38.3,1,1,1,157,134,54,-83,1,2,45,200,1,ONT,1,1,1,0,Мира,15,5,5,2
442,"Настройте DNS, сайты не открываются",1,1,1,5.1,1,1,1,30,31,5,-64,0,0,49,200,1,медиаконвертер,0,1,0,0,Победы,13,5,7,0
443,"Не знаю, что делать, Кабель оборван, видны голые провода",1,0,17,31.5,1,1,1,182,120,67,-82,1,2,137,300,1,коммутатор,0,0,0,0,Ленина,41,5,3,2
444,"Не могу войти в личный кабинет, ошибка 403",1,1,2,7.8,1,1,1,5,13,3,-49,1,1,54,300,0,ONT,1,1,0,1,Кирова,2,5,2,0
445,"Уже второй день Не могу войти в личный кабинет, ошибка 403",1,1,0,12.4,1,1,1,13,16,0,-67,1,1,80,100,1,роутер,1,1,0,0,Победы,25,3,8,0
446,"Соседи порвали кабель при копании, связи нет",1,1,21,37.3,1,1,1,58,110,61,-51,1,0,50,300,1,роутер,0,0,0,0,Гагарина,14,3,2,2
447,"Собака перегрызла кабель, интернет пропал",0,1,16,44.3,1,1,1,118,150,70,-68,1,1,89,300,1,ONT,1,0,0,0,Кирова,46,3,7,2
448,"Помогите! Настройте DNS, сайты не открываются",1,1,3,11.4,1,1,1,28,36,3,-43,1,1,109,100,1,ONT,0,0,1,1,Победы,11,1,9,0
449,Пульт не переключает каналы на ТВ-приставке,1,1,3,5.4,1,1,1,25,38,2,-79,1,2,131,100,1,приставка,0,1,0,1,Ленина,1,3,1,0
450,"Wi-Fi отключается, спросите про фоновую загрузку",1,1,3,20.5,0,1,0,44,66,19,-84,1,0,103,300,1,ONT,1,0,0,1,Победы,3,3,7,1
451,Уже второй день Переподключите питание приставки,1,1,0,9.3,1,1,1,23,29,1,-49,1,0,146,200,1,приставка,1,1,1,1,Ленина,22,1,2,0
452,Пульт не переключает каналы на ТВ-приставке,1,1,3,6.2,1,1,1,13,25,2,-41,1,0,80,200,1,ONT,1,1,0,0,Советская,7,1,4,0
453,"Уже второй день ТВ-приставка не показывает каналы, пульт не реагирует",1,1,1,6.3,1,1,1,27,32,1,-44,1,1,134,300,0,роутер,1,1,0,1,Ленина,17,3,10,0
454,"Медленно грузит, выясните количество устройств",1,0,2,25.1,0,1,1,27,46,10,-64,1,0,96,300,0,коммутатор,1,1,0,1,Победы,15,1,5,1
455,"Помогите! Уточните, не было ли повреждений кабеля",1,1,7,11.2,1,1,0,64,39,2,-90,1,2,134,200,0,ONT,0,0,0,0,Пушкина,21,3,8,1
456,Помогите! Проверьте настройки роутера по телефону,1,0,3,25.6,1,1,1,75,109,16,-78,0,2,51,300,1,коммутатор,1,0,1,1,Гагарина,2,4,3,1
457,Переподключите питание приставки,1,1,0,18.9,1,1,1,19,27,2,-85,1,1,49,200,1,коммутатор,1,1,0,0,Победы,47,4,4,0
458,Уже второй день Пульт не переключает каналы на ТВ-приставке,1,1,3,6.6,1,1,1,21,36,4,-87,1,0,58,100,0,роутер,1,0,0,0,Советская,45,4,7,0
459,"Файрвол включён, интернет не работает, отключите его",1,1,1,7.6,1,1,1,27,22,3,-77,1,1,120,300,1,роутер,0,1,1,0,Мира,45,2,3,0
460,"Уже второй день Не могу войти в личный кабинет, ошибка 403",1,1,3,11.4,1,1,1,19,14,0,-89,1,1,142,100,0,роутер,1,1,0,0,Гагарина,31,1,1,0
461,Порт на коммутаторе DOWN,0,0,20,36.8,0,0,0,74,105,59,-43,1,1,114,200,1,медиаконвертер,1,1,0,0,Советская,50,5,8,2
462,"Не знаю, что делать, ТВ-приставка не показывает каналы, пульт не реагирует",1,1,3,5.5,1,1,1,12,14,2,-54,1,2,76,100,0,приставка,1,0,0,0,Кирова,44,5,8,0
463,"Соседи порвали кабель при копании, связи нет",0,1,16,30.6,0,0,0,156,150,59,-57,1,0,85,200,1,медиаконвертер,0,0,1,0,Кирова,10,5,5,2
464,"Не знаю, что делать, Уточните, не было ли повреждений кабеля",1,1,4,26.5,0,1,0,49,35,6,-83,0,1,30,200,1,роутер,0,0,1,1,Советская,43,5,3,1
465,Помогите! Порт на коммутаторе DOWN,0,1,17,42.2,0,0,0,58,201,62,-50,1,2,145,100,1,медиаконвертер,1,0,0,1,Пушкина,38,2,4,2
466,Пульт не переключает каналы на ТВ-приставке,1,1,2,13.5,1,1,1,14,24,0,-50,1,1,78,200,0,приставка,1,1,0,0,Мира,30,3,7,0
467,Пульт не переключает каналы на ТВ-приставке,1,1,0,16.3,1,1,1,22,6,3,-51,1,1,104,300,1,приставка,1,1,1,0,Пушкина,26,2,7,0
468,"Медленно грузит, выясните количество устройств",1,1,1,16.7,1,0,0,23,64,20,-84,1,2,118,200,0,роутер,1,1,1,0,Гагарина,34,2,9,1
469,"Помогите! Медленно грузит, выясните количество устройств",1,1,9,23.8,1,1,1,79,30,15,-83,0,1,107,100,0,приставка,1,1,1,0,Ленина,8,3,7,1
470,После перезагрузки роутера всё заработало,1,1,3,17.9,1,1,1,22,21,4,-51,0,1,111,100,0,приставка,1,1,0,1,Советская,13,4,8,0
471,"Не могу войти в личный кабинет, ошибка 403",1,1,2,10.9,1,1,1,20,28,5,-46,1,2,83,200,0,роутер,1,0,0,0,Ленина,42,5,8,0
472,Сбросьте PPPoE-сессию на коммутаторе,1,1,0,19.7,1,1,1,19,34,2,-68,1,1,74,300,1,коммутатор,0,1,0,1,Мира,30,2,5,0
473,"Уточните, не было ли повреждений кабеля",1,1,10,13.6,0,1,1,44,90,19,-45,1,1,46,300,1,коммутатор,1,0,0,0,Ленина,2,2,4,1
474,"Не могу войти в личный кабинет, ошибка 403",1,1,1,19.7,1,1,1,26,35,2,-44,1,0,145,100,1,ONT,1,0,0,0,Кирова,5,4,6,0
475,"Низкая скорость, уточните настройки у абонента",1,1,9,21.1,0,1,1,44,47,20,-78,1,2,116,200,0,приставка,1,1,0,1,Ленина,38,1,2,1
476,После перезагрузки роутера всё заработало,1,1,0,10.1,1,1,1,16,31,4,-47,1,2,54,100,1,коммутатор,1,1,0,0,Ленина,29,4,7,0
477,"Уже второй день Полный обрыв, линка нет вообще",0,0,17,42.3,0,0,0,188,164,41,-72,1,1,79,300,1,роутер,1,0,0,0,Гагарина,34,5,9,2
478,"ТВ-приставка не показывает каналы, пульт не реагирует",1,1,0,5.5,1,1,1,8,35,2,-64,1,1,143,100,0,приставка,1,1,1,0,Ленина,16,4,2,0
479,"Собака перегрызла кабель, интернет пропал",0,0,14,34.1,1,1,1,70,221,70,-88,0,2,94,100,1,ONT,1,1,1,0,Ленина,2,2,9,2
480,"Медленно грузит, выясните количество устройств",1,1,2,18.6,0,1,1,23,79,12,-63,1,0,86,100,1,медиаконвертер,0,1,0,0,Советская,1,2,7,1
481,Проверьте настройки роутера по телефону,1,0,7,13.6,1,0,0,24,37,4,-88,1,1,67,100,1,ONT,1,1,0,1,Гагарина,32,3,4,1
482,"Настройте DNS, сайты не открываются",1,1,1,12.9,1,1,1,29,40,2,-73,1,0,36,200,1,коммутатор,1,0,1,1,Советская,15,3,9,0
483,Сбросьте PPPoE-сессию на коммутаторе,1,1,1,15.5,1,1,1,30,14,0,-49,1,0,32,200,0,медиаконвертер,1,0,1,0,Мира,40,4,8,0
484,Пульт не переключает каналы на ТВ-приставке,1,1,3,7.8,1,1,1,6,19,1,-63,1,1,34,300,1,роутер,1,1,0,1,Мира,49,5,4,0
485,"SIP не регистрируется, уточните логин и пароль",1,1,8,17.8,1,1,1,79,37,3,-44,1,1,139,300,1,ONT,1,1,0,0,Победы,30,2,3,1
486,Порт на коммутаторе DOWN,1,0,28,35.9,0,0,0,188,155,61,-51,1,1,114,200,0,роутер,1,1,1,1,Победы,30,1,8,2
487,"ТВ-приставка не показывает каналы, пульт не реагирует",1,1,3,5.9,1,1,1,20,40,1,-85,1,1,38,200,0,медиаконвертер,1,0,1,0,Кирова,12,2,10,0
488,"Срочно! Wi-Fi отключается, спросите про фоновую загрузку",1,0,8,24.3,1,1,1,57,70,1,-87,1,1,62,100,1,коммутатор,1,1,0,0,Победы,8,5,2,1
489,Сбросьте PPPoE-сессию на коммутаторе,1,1,3,18.1,1,1,1,26,31,0,-81,0,1,72,200,1,ONT,1,0,0,0,Мира,10,5,1,0
490,"Файрвол включён, интернет не работает, отключите его",1,1,2,19.1,1,1,1,21,37,4,-66,1,0,114,300,0,ONT,1,1,1,1,Гагарина,37,5,10,0
491,"Уточните, не было ли повреждений кабеля",1,1,8,18.8,0,1,0,58,90,16,-73,1,1,146,100,1,приставка,1,1,0,0,Ленина,45,2,8,1
492,"Медленно грузит, выясните количество устройств",1,1,7,22.1,1,1,0,78,76,20,-62,1,1,102,100,0,ONT,1,1,0,1,Мира,21,1,2,1
493,После перезагрузки роутера всё заработало,1,1,3,5.2,1,1,1,25,17,1,-83,1,2,125,100,0,роутер,1,0,0,0,Советская,34,4,7,0
494,Пульт не переключает каналы на ТВ-приставке,1,1,2,18.5,1,1,1,12,23,0,-69,1,0,122,100,0,медиаконвертер,1,1,0,1,Победы,19,4,3,0
495,"Уточните, не было ли повреждений кабеля",1,1,10,23.0,0,0,0,57,105,11,-66,1,1,95,300,1,роутер,1,1,0,0,Советская,38,5,7,1
496,Пульт не переключает каналы на ТВ-приставке,1,1,1,11.5,1,1,1,10,14,0,-73,1,1,42,200,1,приставка,0,0,0,1,Мира,17,5,2,0
497,Помогите! Порт на коммутаторе DOWN,0,1,16,30.1,0,0,0,60,218,74,-89,1,1,150,300,1,ONT,1,1,0,0,Кирова,8,4,7,2
498,"Не могу войти в личный кабинет, ошибка 403",1,1,0,16.2,1,1,1,13,12,2,-76,1,1,50,300,1,медиаконвертер,1,1,0,0,Кирова,21,1,7,0
499,Срочно! Сбросьте PPPoE-сессию на коммутаторе,1,1,1,13.8,1,1,1,25,5,1,-76,1,1,90,100,1,приставка,1,0,0,1,Советская,47,2,1,0
500,Переподключите питание приставки,1,1,3,15.3,1,1,1,11,16,0,-51,1,1,111,200,1,коммутатор,1,0,0,0,Мира,43,4,8,0
501,"Медленно грузит, выясните количество устройств",1,1,6,29.4,1,1,0,34,44,9,-70,1,2,44,100,1,медиаконвертер,1,0,0,0,Победы,32,5,7,1
502,"Низкая скорость, уточните настройки у абонента",1,1,10,16.4,0,1,0,55,71,8,-65,1,2,81,200,0,медиаконвертер,1,0,0,0,Победы,27,2,10,1
503,"Сгорел блок питания роутера, не включается",0,1,10,44.3,1,1,1,83,234,74,-89,1,0,129,300,1,медиаконвертер,1,1,0,0,Мира,35,2,3,2
504,"Кабель оборван, видны голые провода",0,1,27,41.0,1,1,1,134,185,53,-90,0,0,126,300,0,коммутатор,1,1,0,0,Гагарина,41,2,1,2
505,"Не могу войти в личный кабинет, ошибка 403",1,1,2,17.9,1,1,1,17,30,1,-86,0,2,32,100,0,роутер,1,1,0,0,Мира,21,4,9,0
506,"SIP не регистрируется, уточните логин и пароль",1,0,4,18.6,0,1,1,56,90,12,-76,1,1,91,200,0,ONT,0,1,0,0,Советская,46,1,8,1
507,"ТВ-приставка не показывает каналы, пульт не реагирует",1,1,3,13.4,1,1,1,12,33,2,-49,1,1,133,300,0,роутер,1,0,1,0,Ленина,10,4,10,0
508,"Не знаю, что делать, Сгорел блок питания роутера, не включается",0,0,28,39.0,0,0,0,88,89,60,-90,1,1,126,300,1,коммутатор,1,1,0,0,Победы,33,5,2,2
509,"Кабель оборван, видны голые провода",0,1,24,43.0,0,0,0,81,122,52,-83,0,2,93,100,1,приставка,1,1,0,0,Победы,19,3,9,2
510,Сбросьте PPPoE-сессию на коммутаторе,1,1,1,17.0,1,1,1,10,14,2,-45,1,1,90,200,0,медиаконвертер,1,1,1,0,Советская,46,4,1,0
511,Срочно! После перезагрузки роутера всё заработало,1,1,1,8.0,1,1,1,5,24,5,-84,1,1,42,100,1,коммутатор,0,0,0,0,Кирова,1,2,5,0
512,Пульт не переключает каналы на ТВ-приставке,1,1,3,19.0,1,1,1,14,28,4,-55,1,1,39,300,0,роутер,1,0,0,0,Пушкина,34,5,7,0
513,"Настройте DNS, сайты не открываются",1,1,1,5.0,1,1,1,28,35,1,-76,1,0,148,300,0,приставка,0,1,0,1,Ленина,9,5,8,0
514,Переподключите питание приставки,1,1,3,10.7,1,1,1,21,12,1,-66,1,1,69,300,1,коммутатор,0,1,0,0,Кирова,18,2,7,0
515,"Медленно грузит, выясните количество устройств",1,1,5,13.6,1,0,1,77,85,20,-67,1,1,123,200,0,коммутатор,1,1,1,0,Гагарина,48,1,4,1
516,"Уже второй день Файрвол включён, интернет не работает, отключите его",1,1,2,12.5,1,1,1,15,11,2,-90,1,0,112,200,1,ONT,0,1,0,0,Советская,2,4,10,0
517,"Срочно! Медленно грузит, выясните количество устройств",1,0,2,11.7,1,0,1,77,49,5,-83,0,0,70,100,1,приставка,1,1,0,0,Мира,46,2,10,1
518,"SIP не регистрируется, уточните логин и пароль",1,1,3,26.5,1,1,1,62,37,2,-58,0,1,40,100,1,роутер,1,0,0,0,Кирова,1,3,5,1
519,"Низкая скорость, уточните настройки у абонента",1,1,1,28.4,1,0,1,79,89,2,-79,1,1,70,300,0,приставка,1,0,0,0,Кирова,16,3,4,1
520,"Срочно! Уточните, не было ли повреждений кабеля",1,1,5,18.3,1,1,0,37,47,18,-78,1,1,52,200,1,ONT,1,1,0,0,Кирова,34,4,3,1
521,Помогите! Пульт не переключает каналы на ТВ-приставке,1,1,2,8.1,1,1,1,27,32,2,-46,1,1,41,300,0,медиаконвертер,1,0,1,0,Кирова,12,4,3,0
522,Сбросьте PPPoE-сессию на коммутаторе,1,1,0,14.4,1,1,1,17,7,2,-90,1,2,72,200,0,приставка,1,0,0,0,Ленина,29,5,8,0
523,"Уточните, не было ли повреждений кабеля",1,1,5,19.7,1,0,1,66,77,19,-65,1,1,127,300,0,ONT,1,0,0,0,Гагарина,33,2,5,1
524,"Сгорел блок питания роутера, не включается",0,0,14,42.0,1,1,1,63,103,59,-61,1,2,30,300,0,приставка,1,0,0,0,Гагарина,28,1,4,2
525,Помогите! Сбросьте PPPoE-сессию на коммутаторе,1,1,3,15.5,1,1,1,16,11,3,-60,1,2,120,100,0,ONT,0,1,0,1,Мира,44,4,10,0
526,"Не могу войти в личный кабинет, ошибка 403",1,1,1,16.5,1,1,1,26,6,1,-67,1,0,108,300,1,роутер,1,0,0,0,Победы,6,3,7,0
527,"Уже второй день Медленно грузит, выясните количество устройств",1,1,2,18.0,1,1,0,36,83,5,-57,1,2,133,100,1,роутер,1,1,1,0,Гагарина,37,5,7,1
528,"Низкая скорость, уточните настройки у абонента",1,1,10,12.3,1,1,0,39,84,8,-62,1,2,121,200,1,роутер,1,1,0,0,Кирова,6,2,1,1
529,"Не знаю, что делать, Настройте DNS, сайты не открываются",1,1,2,5.6,1,1,1,18,8,3,-59,1,0,143,300,1,медиаконвертер,1,1,1,0,Мира,12,3,6,0
530,Переподключите питание приставки,1,1,0,10.4,1,1,1,25,7,4,-88,1,2,61,100,0,коммутатор,0,1,0,0,Мира,23,4,10,0
531,Уже второй день Переподключите питание приставки,1,1,0,10.7,1,1,1,16,7,1,-44,0,1,84,200,0,приставка,1,0,0,1,Пушкина,28,1,4,0
532,"SIP не регистрируется, уточните логин и пароль",1,1,3,25.2,0,1,0,43,103,15,-63,1,1,65,300,0,коммутатор,1,0,0,0,Гагарина,2,4,3,1
533,Переподключите питание приставки,1,1,1,8.4,1,1,1,25,25,0,-45,1,0,108,200,1,коммутатор,1,1,0,0,Советская,1,3,6,0
534,"Не знаю, что делать, Переподключите питание приставки",1,1,1,15.1,1,1,1,11,39,5,-74,1,0,110,200,1,роутер,1,1,0,0,Мира,29,4,1,0
535,После перезагрузки роутера всё заработало,1,1,0,16.3,1,1,1,23,32,3,-72,1,2,60,200,0,ONT,1,1,0,0,Ленина,37,3,3,0
536,"Кабель оборван, видны голые провода",0,0,21,39.5,1,1,1,121,161,89,-48,1,1,94,300,1,приставка,1,1,0,1,Победы,11,2,7,2
537,Сбросьте PPPoE-сессию на коммутаторе,1,1,0,10.8,1,1,1,25,16,5,-49,1,2,82,100,0,коммутатор,1,1,0,0,Советская,47,4,1,0
538,"Не знаю, что делать, Файрвол включён, интернет не работает, отключите его",1,1,0,16.1,1,1,1,26,10,2,-40,1,1,138,100,1,медиаконвертер,1,0,0,1,Гагарина,21,2,5,0
539,"ТВ-приставка не показывает каналы, пульт не реагирует",1,1,3,19.8,1,1,1,19,34,1,-40,1,2,94,300,0,коммутатор,1,1,1,0,Кирова,5,1,1,0
540,"Медленно грузит, выясните количество устройств",1,1,9,22.9,1,0,1,36,98,3,-56,1,2,91,300,0,медиаконвертер,1,1,1,0,Победы,46,5,8,1
541,"Уже второй день Не могу войти в личный кабинет, ошибка 403",1,1,1,10.5,1,1,1,29,12,5,-48,1,1,131,200,0,медиаконвертер,0,1,0,1,Победы,49,2,5,0
542,Переподключите питание приставки,1,1,2,13.9,1,1,1,19,21,4,-42,0,1,33,100,1,коммутатор,1,0,1,0,Кирова,20,4,8,0
543,"Wi-Fi отключается, спросите про фоновую загрузку",1,1,10,14.6,0,0,1,38,79,8,-77,1,1,104,100,1,медиаконвертер,1,1,1,0,Советская,11,3,3,1
544,Проверьте настройки роутера по телефону,1,1,2,19.7,1,1,1,30,97,15,-66,0,0,73,100,1,приставка,1,0,1,1,Кирова,13,3,8,1
545,"ТВ-приставка не показывает каналы, пульт не реагирует",1,1,1,10.5,1,1,1,30,38,1,-88,1,0,72,300,0,медиаконвертер,1,1,1,1,Пушкина,4,4,10,0
546,"Wi-Fi отключается, спросите про фоновую загрузку",1,1,7,13.5,0,1,1,74,61,7,-52,1,1,41,300,0,роутер,1,0,0,0,Гагарина,38,5,8,1
547,"ТВ-приставка не показывает каналы, пульт не реагирует",1,1,3,6.7,1,1,1,25,9,1,-85,1,0,99,300,0,коммутатор,1,1,0,1,Ленина,47,4,4,0
548,"Уточните, не было ли повреждений кабеля",1,1,10,13.5,0,1,1,58,64,15,-58,1,1,112,200,1,коммутатор,1,0,0,0,Победы,8,2,8,1
549,Переподключите питание приставки,1,1,2,6.4,1,1,1,10,9,3,-62,1,1,54,100,0,приставка,1,0,1,0,Кирова,20,5,4,0
550,"Wi-Fi отключается, спросите про фоновую загрузку",1,0,5,29.1,1,0,0,59,114,5,-60,1,2,129,300,1,приставка,1,1,1,0,Гагарина,20,3,6,1
551,"Обрыв магистрального кабеля, район без интернета",0,0,21,39.7,1,1,1,153,94,66,-82,1,1,32,300,0,приставка,1,0,1,0,Победы,25,3,9,2
552,"Wi-Fi отключается, спросите про фоновую загрузку",1,1,2,16.5,1,1,1,26,39,7,-60,1,2,35,300,1,ONT,1,1,0,0,Ленина,41,3,5,1
553,"Медленно грузит, выясните количество устройств",1,0,2,27.5,1,0,1,24,71,13,-53,1,1,101,100,1,приставка,1,1,0,0,Пушкина,19,1,3,1
554,"Низкая скорость, уточните настройки у абонента",1,1,3,13.7,1,1,1,74,76,14,-61,1,1,72,100,1,медиаконвертер,1,1,0,0,Победы,26,4,1,1
555,"Собака перегрызла кабель, интернет пропал",0,0,27,37.4,1,1,1,58,209,60,-54,1,0,124,100,0,коммутатор,1,1,1,1,Ленина,37,4,10,2
556,"Wi-Fi отключается, спросите про фоновую загрузку",1,1,5,11.5,1,1,1,48,49,20,-49,1,2,97,300,1,роутер,1,0,0,0,Ленина,15,3,7,1
557,"Файрвол включён, интернет не работает, отключите его",1,1,3,14.8,1,1,1,29,25,4,-78,1,1,144,300,0,приставка,1,0,0,0,Советская,3,2,9,0
558,"Не могу войти в личный кабинет, ошибка 403",1,1,1,8.0,1,1,1,15,19,5,-80,1,1,59,100,1,роутер,0,1,0,1,Победы,2,4,4,0
559,Переподключите питание приставки,1,1,0,6.4,1,1,1,11,18,3,-79,1,0,50,100,0,ONT,1,0,1,0,Гагарина,6,5,6,0
560,"Не могу войти в личный кабинет, ошибка 403",1,1,3,11.0,1,1,1,5,5,3,-84,1,1,137,100,1,медиаконвертер,1,1,0,1,Победы,2,3,6,0
561,"Срочно! Файрвол включён, интернет не работает, отключите его",1,1,1,15.4,1,1,1,9,38,1,-42,0,1,140,300,1,медиаконвертер,1,1,0,0,Советская,10,2,6,0
562,"Полный обрыв, линка нет вообще",0,0,29,34.8,1,1,1,145,295,56,-40,0,0,143,200,0,приставка,1,0,0,0,Советская,11,2,2,2
563,"Срочно! Файрвол включён, интернет не работает, отключите его",1,1,3,17.8,1,1,1,8,35,3,-56,1,0,69,200,1,медиаконвертер,0,1,0,0,Кирова,7,4,8,0
564,Помогите! Проверьте настройки роутера по телефону,1,1,6,15.6,0,0,0,62,40,3,-51,0,1,62,100,1,медиаконвертер,1,1,0,0,Мира,49,2,6,1
565,После перезагрузки роутера всё заработало,1,1,0,16.9,1,1,1,6,29,5,-79,0,0,136,100,0,ONT,1,1,0,0,Кирова,37,4,8,0
566,Приставка не включается совсем,0,0,15,33.8,0,0,0,181,166,61,-59,1,2,114,100,1,коммутатор,1,1,0,0,Советская,9,1,4,2
567,"Уже второй день Полный обрыв, линка нет вообще",0,0,15,36.0,1,1,1,191,101,72,-58,1,1,129,100,0,медиаконвертер,1,1,0,0,Ленина,35,3,9,2
568,После перезагрузки роутера всё заработало,1,1,1,17.6,1,1,1,8,15,5,-42,1,2,139,100,1,роутер,1,1,0,1,Победы,31,4,6,0
569,"Уже второй день Настройте DNS, сайты не открываются",1,1,2,8.1,1,1,1,27,40,5,-44,1,0,37,200,0,приставка,1,0,1,1,Гагарина,26,2,7,0
570,"Файрвол включён, интернет не работает, отключите его",1,1,2,7.1,1,1,1,16,9,1,-65,0,1,56,200,0,медиаконвертер,1,0,0,0,Ленина,50,5,8,0
571,Переподключите питание приставки,1,1,3,7.3,1,1,1,8,39,5,-42,1,1,142,200,0,ONT,1,0,0,0,Гагарина,46,4,5,0
572,"Уже второй день Не могу войти в личный кабинет, ошибка 403",1,1,3,11.3,1,1,1,12,36,5,-50,0,1,137,300,1,медиаконвертер,1,0,0,0,Мира,6,1,2,0
573,"Медленно грузит, выясните количество устройств",1,1,7,21.2,0,1,1,62,64,3,-54,1,2,35,300,0,коммутатор,1,1,0,0,Пушкина,16,3,10,1
574,Проверьте настройки роутера по телефону,1,1,7,21.5,1,1,0,42,112,14,-57,0,2,134,300,1,роутер,1,0,0,0,Мира,27,1,8,1
575,Порт на коммутаторе DOWN,0,0,11,34.9,1,1,1,120,194,90,-46,1,1,128,100,0,коммутатор,1,1,0,0,Мира,50,2,8,2
576,"Обрыв магистрального кабеля, район без интернета",0,1,13,43.7,1,1,1,131,292,59,-85,1,1,109,200,0,ONT,1,1,0,0,Победы,24,2,3,2
577,"Уже второй день Не могу войти в личный кабинет, ошибка 403",1,1,1,11.0,1,1,1,21,40,2,-46,0,0,41,300,1,медиаконвертер,0,0,0,0,Победы,7,3,10,0
578,"Низкая скорость, уточните настройки у абонента",1,0,0,19.9,1,0,0,55,49,8,-46,1,1,142,100,1,приставка,0,0,1,1,Победы,29,4,9,1
579,Помогите! Проверьте настройки роутера по телефону,1,1,5,26.1,1,1,1,56,79,8,-74,1,1,145,100,1,коммутатор,1,1,0,1,Кирова,16,5,10,1
580,Переподключите питание приставки,1,1,2,15.8,1,1,1,8,19,5,-49,1,1,89,200,0,ONT,1,1,0,1,Гагарина,2,5,8,0
581,"Низкая скорость, уточните настройки у абонента",1,1,4,21.4,1,0,0,63,75,2,-44,0,2,85,300,0,ONT,1,1,0,0,Мира,15,5,9,1
582,"Соседи порвали кабель при копании, связи нет",1,1,21,38.8,1,1,1,63,262,88,-41,1,0,97,200,0,приставка,1,1,1,0,Гагарина,2,4,2,2
583,"Не могу войти в личный кабинет, ошибка 403",1,1,3,15.4,1,1,1,23,29,3,-82,1,1,42,200,1,приставка,1,1,0,0,Победы,13,2,6,0
584,"Полный обрыв, линка нет вообще",1,1,21,31.4,0,0,0,65,222,43,-90,1,0,30,200,1,медиаконвертер,0,1,0,1,Гагарина,13,5,8,2
585,"Файрвол включён, интернет не работает, отключите его",1,1,2,13.6,1,1,1,8,14,4,-62,1,1,94,100,1,роутер,1,1,1,1,Ленина,20,3,2,0
586,После перезагрузки роутера всё заработало,1,1,1,14.1,1,1,1,10,11,3,-51,1,2,148,300,1,ONT,1,1,0,0,Гагарина,16,4,4,0
587,"Низкая скорость, уточните настройки у абонента",1,1,10,23.1,1,1,1,26,96,2,-57,1,2,126,300,0,медиаконвертер,1,1,0,1,Победы,26,4,7,1
588,"ТВ-приставка не показывает каналы, пульт не реагирует",1,1,3,9.6,1,1,1,15,40,3,-40,1,0,97,100,0,роутер,1,1,1,0,Кирова,21,1,9,0
589,"Настройте DNS, сайты не открываются",1,1,3,16.1,1,1,1,16,39,0,-57,1,1,117,300,0,приставка,0,1,1,1,Ленина,46,2,8,0
590,"Не знаю, что делать, ТВ-приставка не показывает каналы, пульт не реагирует",1,1,0,18.6,1,1,1,11,12,2,-48,1,1,52,200,0,медиаконвертер,1,1,0,0,Советская,43,3,7,0
591,"Уточните, не было ли повреждений кабеля",1,1,0,18.3,1,0,1,67,64,13,-64,1,1,134,200,1,коммутатор,0,1,0,1,Гагарина,43,2,2,1
592,"Не знаю, что делать, Низкая скорость, уточните настройки у абонента",1,0,4,20.7,0,1,1,30,62,12,-72,1,1,43,100,1,приставка,1,1,0,0,Ленина,31,4,2,1
593,"ТВ-приставка не показывает каналы, пульт не реагирует",1,1,0,8.6,1,1,1,10,10,5,-51,1,1,86,300,0,коммутатор,1,0,0,0,Советская,1,2,6,0
594,Порт на коммутаторе DOWN,0,0,19,37.6,1,1,1,150,177,49,-76,1,1,72,300,1,роутер,1,0,0,0,Советская,11,2,9,2
595,"Срочно! Собака перегрызла кабель, интернет пропал",0,1,21,30.6,1,1,1,93,265,60,-84,1,0,78,100,0,ONT,1,0,0,0,Советская,35,1,1,2
596,"Медленно грузит, выясните количество устройств",1,1,3,23.7,1,1,1,59,79,14,-51,1,2,91,100,1,коммутатор,1,0,0,1,Победы,17,2,6,1
597,"Медленно грузит, выясните количество устройств",1,0,6,12.5,0,1,1,65,99,7,-50,1,2,83,200,1,ONT,1,0,0,0,Победы,9,5,4,1
598,"Файрвол включён, интернет не работает, отключите его",1,1,3,10.6,1,1,1,28,28,3,-71,1,1,90,100,1,медиаконвертер,1,1,1,0,Гагарина,14,3,9,0
599,"Кабель оборван, видны голые провода",0,1,15,34.1,0,0,0,102,178,76,-43,1,1,112,200,0,приставка,1,1,1,0,Победы,21,5,10,2
600,"Уточните, не было ли повреждений кабеля",1,1,5,27.1,0,0,0,21,31,1,-70,1,1,55,300,0,приставка,1,0,0,0,Пушкина,29,4,6,1
601,"SIP не регистрируется, уточните логин и пароль",1,1,9,18.2,0,0,0,46,45,17,-55,1,2,119,200,0,роутер,1,0,0,1,Гагарина,25,4,7,1
602,"ТВ-приставка не показывает каналы, пульт не реагирует",1,1,1,11.7,1,1,1,16,33,4,-89,1,1,143,200,0,медиаконвертер,0,0,0,0,Гагарина,8,2,6,0
603,"Не могу войти в личный кабинет, ошибка 403",1,1,3,19.9,1,1,1,30,36,0,-67,1,1,95,200,0,ONT,1,0,0,1,Мира,29,4,6,0
604,Переподключите питание приставки,1,1,1,18.1,1,1,1,15,40,0,-51,0,0,68,200,0,ONT,1,0,0,0,Мира,24,5,7,0
605,Уже второй день Сбросьте PPPoE-сессию на коммутаторе,1,1,1,12.3,1,1,1,28,21,4,-73,0,2,147,300,0,медиаконвертер,1,1,0,0,Пушкина,7,2,2,0
606,"Помогите! Не могу войти в личный кабинет, ошибка 403",1,1,0,15.8,1,1,1,29,10,0,-43,1,0,49,300,1,медиаконвертер,1,0,0,1,Гагарина,48,1,3,0
607,"Помогите! Не могу войти в личный кабинет, ошибка 403",1,1,0,10.8,1,1,1,11,8,5,-50,1,2,134,100,1,коммутатор,1,1,1,0,Пушкина,4,4,3,0
608,"Помогите! Низкая скорость, уточните настройки у абонента",1,1,1,13.8,0,1,1,32,119,3,-70,1,1,50,200,1,коммутатор,1,1,0,0,Мира,48,2,9,1
609,"Настройте DNS, сайты не открываются",1,1,0,12.4,1,1,1,10,9,0,-44,0,2,40,300,1,роутер,1,1,0,1,Мира,45,5,2,0
610,"Уточните, не было ли повреждений кабеля",1,1,7,16.3,1,1,1,43,93,9,-43,1,1,35,300,1,ONT,1,1,1,1,Победы,30,4,8,1
611,Пульт не переключает каналы на ТВ-приставке,1,1,3,19.8,1,1,1,5,13,2,-50,0,1,31,200,0,приставка,1,0,0,0,Гагарина,18,3,4,0
612,Уже второй день Пульт не переключает каналы на ТВ-приставке,1,1,3,11.5,1,1,1,12,17,3,-80,1,0,75,100,0,медиаконвертер,1,1,0,0,Победы,14,4,8,0
613,"Настройте DNS, сайты не открываются",1,1,3,14.2,1,1,1,15,24,5,-52,0,1,73,300,1,приставка,1,1,0,0,Победы,16,2,6,0
614,"SIP не регистрируется, уточните логин и пароль",1,1,2,29.3,1,1,1,56,72,6,-40,1,1,120,300,0,приставка,1,1,0,0,Ленина,25,2,10,1
615,Переподключите питание приставки,1,1,3,10.8,1,1,1,28,22,0,-78,1,1,121,100,1,роутер,1,0,0,0,Советская,31,5,3,0
616,"SIP не регистрируется, уточните логин и пароль",1,1,9,22.1,1,1,0,72,112,6,-72,1,1,97,300,1,приставка,1,1,1,0,Мира,14,2,5,1
617,"Не знаю, что делать, Пульт не переключает каналы на ТВ-приставке",1,1,3,13.3,1,1,1,29,14,3,-52,1,1,43,200,1,медиаконвертер,0,1,0,0,Мира,2,1,1,0
618,Приставка не включается совсем,0,1,22,32.7,1,1,1,161,245,60,-51,1,0,112,200,1,коммутатор,1,0,0,1,Кирова,9,4,2,2
619,"Помогите! Соседи порвали кабель при копании, связи нет",1,0,23,35.2,1,1,1,141,166,45,-86,1,0,97,200,1,приставка,1,0,0,0,Пушкина,17,2,4,2
620,"Помогите! ТВ-приставка не показывает каналы, пульт не реагирует",1,1,1,16.4,1,1,1,20,7,0,-81,1,1,94,200,1,ONT,1,1,0,1,Победы,2,4,9,0
621,"Файрвол включён, интернет не работает, отключите его",1,1,3,5.1,1,1,1,11,19,4,-46,0,1,95,100,1,приставка,0,0,0,0,Мира,36,3,9,0
622,"Файрвол включён, интернет не работает, отключите его",1,1,2,18.5,1,1,1,13,26,1,-65,0,1,87,100,1,коммутатор,1,1,1,0,Ленина,3,4,2,0
623,"Wi-Fi отключается, спросите про фоновую загрузку",1,1,9,26.4,1,1,1,73,118,6,-67,1,1,102,200,0,коммутатор,0,0,1,1,Гагарина,32,4,6,1
624,Пульт не переключает каналы на ТВ-приставке,1,1,2,16.9,1,1,1,10,36,3,-48,1,1,39,300,0,роутер,1,1,1,1,Ленина,20,4,7,0
625,"Уже второй день Wi-Fi отключается, спросите про фоновую загрузку",1,0,4,18.3,1,0,1,67,77,2,-89,1,0,145,100,1,приставка,1,1,1,1,Гагарина,8,1,8,1
626,"Помогите! Не могу войти в личный кабинет, ошибка 403",1,1,2,5.3,1,1,1,19,40,2,-54,1,1,57,100,1,ONT,0,1,1,0,Ленина,37,1,2,0
627,Порт на коммутаторе DOWN,1,0,24,42.2,0,0,0,119,128,55,-49,0,2,101,300,1,приставка,1,1,0,0,Мира,30,4,9,2
628,Сбросьте PPPoE-сессию на коммутаторе,1,1,2,11.1,1,1,1,22,14,2,-53,1,2,74,200,0,ONT,1,1,1,0,Мира,9,3,6,0
629,"Медленно грузит, выясните количество устройств",1,1,9,16.8,0,0,1,52,110,4,-50,1,1,138,300,0,приставка,1,0,1,1,Советская,35,1,9,1
630,"ТВ-приставка не показывает каналы, пульт не реагирует",1,1,1,15.3,1,1,1,22,15,5,-40,1,0,71,300,1,коммутатор,1,1,1,0,Мира,48,4,2,0
631,Помогите! Переподключите питание приставки,1,1,0,12.4,1,1,1,27,5,4,-86,1,1,60,200,1,приставка,1,0,1,0,Ленина,19,1,4,0
632,"Не знаю, что делать, Не могу войти в личный кабинет, ошибка 403",1,1,3,5.2,1,1,1,8,32,2,-52,1,2,77,100,1,ONT,1,1,0,0,Кирова,32,1,8,0
633,"ТВ-приставка не показывает каналы, пульт не реагирует",1,1,0,11.3,1,1,1,20,29,4,-53,1,1,117,200,0,ONT,0,1,1,0,Советская,6,1,4,0
634,"Уточните, не было ли повреждений кабеля",1,0,7,10.7,1,1,1,41,60,19,-71,1,2,57,300,1,роутер,0,0,1,1,Советская,29,1,9,1
635,"Настройте DNS, сайты не открываются",1,1,0,8.8,1,1,1,17,39,5,-83,1,2,52,200,1,приставка,0,1,0,0,Пушкина,5,2,8,0
636,"ТВ-приставка не показывает каналы, пульт не реагирует",1,1,0,9.5,1,1,1,28,16,3,-76,1,2,59,300,1,роутер,0,0,1,1,Советская,2,4,8,0
637,Уже второй день Пульт не переключает каналы на ТВ-приставке,1,1,3,12.1,1,1,1,25,39,0,-73,1,2,38,100,0,медиаконвертер,1,1,0,0,Гагарина,9,1,1,0
638,После перезагрузки роутера всё заработало,1,1,2,12.2,1,1,1,19,39,2,-40,1,2,44,300,0,приставка,1,0,1,0,Мира,4,5,1,0
639,"Настройте DNS, сайты не открываются",1,1,2,18.8,1,1,1,5,24,1,-60,1,1,114,200,1,ONT,1,0,0,0,Пушкина,5,2,3,0
640,"Соседи порвали кабель при копании, связи нет",0,1,30,41.3,1,1,1,194,122,55,-50,1,1,135,200,1,роутер,1,0,0,0,Гагарина,43,3,7,2
641,"Файрвол включён, интернет не работает, отключите его",1,1,3,14.7,1,1,1,9,35,4,-42,1,1,106,300,1,ONT,1,1,0,0,Ленина,46,2,1,0
642,Пульт не переключает каналы на ТВ-приставке,1,1,2,18.8,1,1,1,25,26,2,-60,1,2,126,300,0,ONT,1,1,1,0,Советская,41,1,5,0
643,"SIP не регистрируется, уточните логин и пароль",1,1,9,13.8,1,0,1,79,71,7,-71,1,1,96,300,1,медиаконвертер,1,1,0,1,Пушкина,9,3,4,1
644,"SIP не регистрируется, уточните логин и пароль",1,1,1,24.5,1,0,1,57,96,5,-72,1,1,106,300,1,приставка,1,1,0,0,Кирова,18,5,8,1
645,"Wi-Fi отключается, спросите про фоновую загрузку",1,0,0,11.3,1,0,1,72,100,12,-74,1,2,149,300,1,коммутатор,1,0,0,0,Победы,39,1,8,1
646,Помогите! Сбросьте PPPoE-сессию на коммутаторе,1,1,0,17.7,1,1,1,8,28,0,-73,0,1,46,100,1,приставка,0,1,0,0,Советская,47,3,5,0
647,"Файрвол включён, интернет не работает, отключите его",1,1,2,17.6,1,1,1,24,22,4,-81,0,1,127,100,0,ONT,1,1,1,0,Кирова,40,3,8,0
648,"Файрвол включён, интернет не работает, отключите его",1,1,1,18.4,1,1,1,12,20,3,-76,1,0,60,300,1,ONT,1,1,0,0,Ленина,6,4,8,0
649,Пульт не переключает каналы на ТВ-приставке,1,1,2,8.1,1,1,1,29,29,0,-47,1,1,71,100,1,коммутатор,1,1,0,0,Кирова,5,5,7,0
650,Пульт не переключает каналы на ТВ-приставке,1,1,2,8.7,1,1,1,15,27,3,-72,1,2,106,200,0,коммутатор,1,1,0,1,Победы,37,3,6,0
651,Переподключите питание приставки,1,1,3,8.8,1,1,1,19,32,0,-76,1,1,91,100,0,приставка,1,1,0,1,Пушкина,3,4,6,0
652,"Помогите! Файрвол включён, интернет не работает, отключите его",1,1,2,6.2,1,1,1,7,40,0,-74,1,1,48,200,1,приставка,1,0,0,0,Ленина,40,1,10,0
653,"Не знаю, что делать, Уточните, не было ли повреждений кабеля",1,1,1,11.3,0,0,0,71,55,19,-84,1,1,98,100,1,коммутатор,1,1,0,1,Гагарина,1,3,3,1
654,Проверьте настройки роутера по телефону,1,1,7,13.1,1,0,1,28,51,1,-82,1,1,103,200,1,приставка,1,1,1,0,Советская,49,1,2,1
655,"Не знаю, что делать, Соседи порвали кабель при копании, связи нет",0,0,22,43.3,1,1,1,190,218,86,-61,1,1,130,300,1,медиаконвертер,1,1,0,0,Пушкина,3,2,2,2
656,"SIP не регистрируется, уточните логин и пароль",1,0,0,16.3,1,1,1,44,68,11,-78,1,1,85,300,0,ONT,1,1,1,0,Мира,26,2,3,1
657,"Файрвол включён, интернет не работает, отключите его",1,1,3,15.7,1,1,1,13,36,3,-67,1,2,46,200,0,приставка,1,1,1,0,Ленина,23,4,7,0
658,"Уже второй день Кабель оборван, видны голые провода",0,1,20,32.9,1,1,1,172,97,62,-58,1,0,48,300,1,роутер,0,0,0,0,Победы,22,5,8,2
659,Сбросьте PPPoE-сессию на коммутаторе,1,1,0,18.3,1,1,1,6,38,4,-42,1,0,115,300,0,приставка,1,0,0,0,Кирова,41,3,3,0
660,"Не знаю, что делать, Файрвол включён, интернет не работает, отключите его",1,1,0,5.7,1,1,1,13,30,1,-90,1,1,83,300,0,ONT,1,1,0,0,Гагарина,1,1,3,0
661,Порт на коммутаторе DOWN,1,0,13,31.2,1,1,1,92,252,71,-61,1,1,108,300,1,ONT,1,0,0,1,Пушкина,48,3,6,2
662,"Уточните, не было ли повреждений кабеля",1,1,3,26.3,1,1,1,37,106,7,-63,1,1,150,300,1,ONT,1,1,0,0,Пушкина,17,1,3,1
663,"Wi-Fi отключается, спросите про фоновую загрузку",1,0,5,18.3,1,0,0,64,99,16,-65,1,1,68,100,0,приставка,1,1,0,1,Ленина,28,4,7,1
664,Переподключите питание приставки,1,1,2,8.5,1,1,1,15,28,0,-59,1,2,105,100,1,ONT,1,0,0,0,Гагарина,39,3,10,0
665,"Срочно! Не могу войти в личный кабинет, ошибка 403",1,1,3,12.4,1,1,1,30,5,1,-85,1,1,36,100,1,приставка,0,0,1,0,Пушкина,45,3,10,0
666,После перезагрузки роутера всё заработало,1,1,0,19.8,1,1,1,15,11,0,-51,0,1,131,100,1,ONT,0,1,0,0,Пушкина,40,3,3,0
667,"Срочно! Настройте DNS, сайты не открываются",1,1,2,5.5,1,1,1,20,19,5,-69,1,2,133,200,1,коммутатор,1,1,1,0,Гагарина,20,3,4,0
668,После перезагрузки роутера всё заработало,1,1,0,7.2,1,1,1,6,10,0,-62,0,0,66,200,1,коммутатор,1,1,0,1,Кирова,43,5,10,0
669,"Файрвол включён, интернет не работает, отключите его",1,1,1,10.9,1,1,1,25,7,2,-68,0,0,137,200,1,приставка,1,1,1,1,Пушкина,21,4,3,0
670,"Кабель оборван, видны голые провода",1,1,15,44.3,1,1,1,97,81,90,-64,0,1,48,100,0,приставка,1,1,0,0,Гагарина,27,1,1,2
671,"Уточните, не было ли повреждений кабеля",1,1,3,14.2,1,1,0,26,91,16,-69,1,1,97,200,0,ONT,1,1,0,1,Советская,36,3,9,1
672,Уже второй день Приставка не включается совсем,0,1,24,43.7,1,1,1,66,201,66,-52,1,1,136,300,0,ONT,1,1,1,1,Кирова,38,3,7,2
673,"Не знаю, что делать, Файрвол включён, интернет не работает, отключите его",1,1,3,5.7,1,1,1,12,30,0,-86,1,1,98,300,1,роутер,1,1,1,0,Мира,50,5,1,0
674,"Файрвол включён, интернет не работает, отключите его",1,1,1,18.9,1,1,1,22,23,0,-66,1,1,52,300,0,роутер,1,0,0,1,Ленина,7,2,5,0
675,"Настройте DNS, сайты не открываются",1,1,1,15.9,1,1,1,18,15,3,-67,0,1,69,300,0,роутер,1,1,1,0,Гагарина,5,3,3,0
676,Переподключите питание приставки,1,1,0,12.2,1,1,1,21,39,3,-51,1,0,75,100,1,приставка,1,0,1,1,Советская,50,1,2,0
677,Помогите! Сбросьте PPPoE-сессию на коммутаторе,1,1,2,17.8,1,1,1,20,27,0,-40,1,0,133,300,1,приставка,0,1,0,0,Кирова,5,2,8,0
678,"Медленно грузит, выясните количество устройств",1,1,0,21.4,1,0,0,22,87,6,-89,1,1,113,200,1,роутер,1,1,0,1,Советская,34,5,2,1
679,"Медленно грузит, выясните количество устройств",1,1,5,14.9,1,1,0,59,34,20,-56,1,1,34,100,0,медиаконвертер,1,1,0,1,Гагарина,18,3,7,1
680,"Уже второй день Обрыв магистрального кабеля, район без интернета",1,0,12,43.0,0,0,0,122,163,51,-57,1,0,76,100,0,медиаконвертер,1,0,0,0,Советская,6,2,1,2
681,"Не могу войти в личный кабинет, ошибка 403",1,1,2,6.5,1,1,1,22,39,2,-65,1,0,69,200,0,медиаконвертер,1,0,0,1,Советская,1,1,8,0
682,Сбросьте PPPoE-сессию на коммутаторе,1,1,1,6.2,1,1,1,8,21,1,-80,1,0,110,100,1,приставка,1,0,1,1,Кирова,33,2,7,0
683,"Настройте DNS, сайты не открываются",1,1,1,5.9,1,1,1,28,17,3,-77,1,2,54,300,1,медиаконвертер,0,1,0,0,Мира,16,5,2,0
684,"SIP не регистрируется, уточните логин и пароль",1,1,2,21.5,0,0,1,57,54,8,-49,1,1,46,300,0,приставка,1,1,1,0,Гагарина,14,3,2,1
685,"Уточните, не было ли повреждений кабеля",1,0,7,12.9,1,0,1,26,73,6,-44,1,0,141,200,1,ONT,1,1,0,0,Пушкина,41,2,4,1
686,"Файрвол включён, интернет не работает, отключите его",1,1,3,19.2,1,1,1,26,20,3,-63,0,0,85,200,0,роутер,1,1,1,0,Гагарина,27,1,5,0
687,"Срочно! Настройте DNS, сайты не открываются",1,1,3,10.2,1,1,1,20,38,0,-49,1,1,118,200,1,ONT,1,1,0,0,Пушкина,16,4,7,0
688,Уже второй день После перезагрузки роутера всё заработало,1,1,0,9.1,1,1,1,21,21,5,-48,1,1,125,200,0,роутер,1,1,0,0,Пушкина,16,5,10,0
689,Проверьте настройки роутера по телефону,1,1,8,18.4,1,1,0,29,32,10,-69,0,1,53,100,1,ONT,1,1,0,0,Кирова,39,5,10,1
690,Пульт не переключает каналы на ТВ-приставке,1,1,0,17.9,1,1,1,11,20,2,-68,1,1,98,200,1,приставка,1,1,0,0,Гагарина,15,4,1,0
691,Пульт не переключает каналы на ТВ-приставке,1,1,3,15.8,1,1,1,28,9,0,-76,1,1,77,100,0,медиаконвертер,0,1,0,0,Советская,29,2,2,0
692,"Файрвол включён, интернет не работает, отключите его",1,1,1,5.7,1,1,1,7,21,4,-46,1,1,114,300,0,ONT,1,0,0,0,Ленина,33,5,4,0
693,Уже второй день Порт на коммутаторе DOWN,1,1,13,44.7,1,1,1,92,86,87,-54,0,1,54,100,0,приставка,1,1,0,0,Гагарина,19,4,1,2
694,"Wi-Fi отключается, спросите про фоновую загрузку",1,0,4,26.7,0,1,1,33,76,20,-63,1,0,136,100,1,ONT,0,0,0,0,Победы,7,1,3,1
695,После перезагрузки роутера всё заработало,1,1,1,9.0,1,1,1,18,19,5,-57,1,1,143,200,0,коммутатор,1,1,1,0,Советская,29,3,6,0
696,"Файрвол включён, интернет не работает, отключите его",1,1,3,9.4,1,1,1,30,6,1,-41,1,0,141,300,0,приставка,1,0,1,1,Ленина,36,4,7,0
697,"Помогите! Соседи порвали кабель при копании, связи нет",0,0,27,43.3,0,0,0,62,210,78,-75,1,0,73,300,0,медиаконвертер,1,1,1,0,Победы,14,2,4,2
698,"Низкая скорость, уточните настройки у абонента",1,1,1,24.8,1,0,1,66,111,17,-70,1,1,138,200,0,роутер,1,1,1,0,Пушкина,47,1,2,1
699,"Помогите! Не могу войти в личный кабинет, ошибка 403",1,1,2,5.9,1,1,1,20,11,3,-50,1,0,122,100,1,медиаконвертер,1,0,1,0,Пушкина,19,3,3,0
700,После перезагрузки роутера всё заработало,1,1,2,12.4,1,1,1,23,39,3,-41,0,1,135,200,0,медиаконвертер,1,0,0,0,Советская,4,1,5,0
701,"Кабель оборван, видны голые провода",0,0,22,38.4,1,1,1,185,118,65,-75,1,1,95,100,1,медиаконвертер,1,0,1,1,Победы,47,1,9,2
702,"Уточните, не было ли повреждений кабеля",1,1,7,22.4,0,0,1,58,108,17,-40,1,1,46,100,0,медиаконвертер,1,1,1,0,Советская,8,5,9,1
703,"SIP не регистрируется, уточните логин и пароль",1,1,3,20.3,1,0,1,80,90,15,-66,1,1,97,300,0,ONT,1,0,0,0,Советская,44,3,3,1
704,"Уточните, не было ли повреждений кабеля",1,1,6,25.1,1,1,1,30,32,7,-82,1,2,57,100,1,медиаконвертер,0,1,1,0,Кирова,25,2,6,1
705,"Обрыв магистрального кабеля, район без интернета",1,0,21,35.1,1,1,1,108,264,83,-47,1,1,140,300,0,роутер,1,0,1,1,Советская,37,5,9,2
706,"Собака перегрызла кабель, интернет пропал",1,0,18,35.0,1,1,1,178,212,51,-82,1,0,116,300,1,роутер,1,1,1,0,Гагарина,14,2,6,2
707,"Настройте DNS, сайты не открываются",1,1,1,17.1,1,1,1,27,12,3,-84,0,2,97,200,0,коммутатор,0,1,0,0,Кирова,13,4,4,0
708,Сбросьте PPPoE-сессию на коммутаторе,1,1,0,19.3,1,1,1,6,31,0,-42,1,2,127,200,1,роутер,1,1,0,0,Пушкина,34,1,1,0
709,"Сгорел блок питания роутера, не включается",1,0,14,42.6,0,0,0,156,108,75,-57,1,1,118,200,1,ONT,1,1,1,1,Советская,8,4,1,2
710,"Сгорел блок питания роутера, не включается",0,0,12,42.1,1,1,1,69,159,78,-57,1,1,43,300,1,приставка,1,1,0,0,Гагарина,49,4,4,2
711,После перезагрузки роутера всё заработало,1,1,0,8.6,1,1,1,24,37,1,-73,1,2,39,100,1,роутер,1,1,0,0,Победы,48,1,6,0
712,"SIP не регистрируется, уточните логин и пароль",1,1,1,24.9,1,1,1,22,96,3,-63,1,0,150,100,0,роутер,1,0,0,1,Ленина,49,1,7,1
713,Помогите! Переподключите питание приставки,1,1,2,18.5,1,1,1,8,16,1,-68,0,2,95,300,0,ONT,1,1,1,0,Советская,42,2,10,0
714,"Настройте DNS, сайты не открываются",1,1,2,18.4,1,1,1,6,12,1,-90,1,2,129,100,1,медиаконвертер,1,1,1,1,Советская,9,4,1,0
715,Сбросьте PPPoE-сессию на коммутаторе,1,1,2,11.8,1,1,1,8,8,0,-46,0,0,94,200,0,медиаконвертер,1,0,0,1,Мира,38,2,7,0
716,"Уточните, не было ли повреждений кабеля",1,1,8,22.8,1,1,1,71,78,9,-42,1,2,41,300,1,приставка,1,0,0,1,Гагарина,10,3,10,1
717,"ТВ-приставка не показывает каналы, пульт не реагирует",1,1,1,6.6,1,1,1,14,17,1,-41,1,1,67,100,1,ONT,1,1,0,0,Ленина,36,4,3,0
718,"Не могу войти в личный кабинет, ошибка 403",1,1,3,7.6,1,1,1,18,6,5,-77,1,1,96,300,0,медиаконвертер,1,1,0,0,Советская,9,5,1,0
719,Порт на коммутаторе DOWN,1,1,28,39.2,1,1,1,80,116,84,-69,0,1,81,300,1,коммутатор,1,1,0,1,Победы,37,4,6,2
720,"Не могу войти в личный кабинет, ошибка 403",1,1,3,17.1,1,1,1,11,5,4,-84,1,1,128,100,1,коммутатор,1,1,0,1,Пушкина,18,4,9,0
721,"Настройте DNS, сайты не открываются",1,1,1,12.2,1,1,1,13,7,0,-76,0,2,106,200,1,роутер,1,0,1,0,Гагарина,5,1,4,0
722,"Обрыв магистрального кабеля, район без интернета",1,0,29,39.7,1,1,1,146,215,43,-85,1,0,139,300,1,роутер,1,1,1,0,Пушкина,38,4,7,2
723,"Низкая скорость, уточните настройки у абонента",1,0,7,22.0,1,1,1,21,93,14,-65,1,2,143,100,1,ONT,1,1,0,0,Ленина,48,4,8,1
724,"Собака перегрызла кабель, интернет пропал",0,1,26,40.1,0,0,0,117,85,65,-74,0,1,55,100,1,приставка,0,0,1,0,Гагарина,13,3,7,2
725,"Не могу войти в личный кабинет, ошибка 403",1,1,0,6.2,1,1,1,11,15,5,-80,0,0,58,200,0,коммутатор,1,0,0,0,Мира,25,1,4,0
726,"Не могу войти в личный кабинет, ошибка 403",1,1,2,13.9,1,1,1,22,23,2,-44,1,1,36,100,1,медиаконвертер,1,1,0,0,Ленина,16,4,4,0
727,"Низкая скорость, уточните настройки у абонента",1,1,2,28.3,0,0,1,67,93,16,-86,0,1,111,100,1,коммутатор,1,0,0,0,Победы,11,5,9,1
728,Переподключите питание приставки,1,1,3,18.0,1,1,1,26,33,1,-76,1,1,142,100,0,коммутатор,1,0,0,0,Пушкина,29,1,8,0
729,Проверьте настройки роутера по телефону,1,1,7,24.0,1,1,1,79,45,14,-65,1,2,60,200,0,роутер,1,0,0,0,Пушкина,11,2,4,1
730,"SIP не регистрируется, уточните логин и пароль",1,0,8,29.8,1,1,1,43,31,10,-84,1,2,102,100,0,коммутатор,1,1,0,0,Мира,37,4,8,1
731,"Низкая скорость, уточните настройки у абонента",1,1,8,15.8,1,1,0,47,109,19,-56,1,1,46,100,1,роутер,1,1,0,1,Победы,47,5,5,1
732,"SIP не регистрируется, уточните логин и пароль",1,1,10,11.3,1,1,1,59,95,17,-85,1,2,110,300,1,роутер,1,1,0,0,Советская,26,4,7,1
733,"Не знаю, что делать, После перезагрузки роутера всё заработало",1,1,0,15.8,1,1,1,13,29,0,-48,1,2,108,300,1,ONT,1,1,0,0,Победы,46,2,3,0
734,"Файрвол включён, интернет не работает, отключите его",1,1,2,15.2,1,1,1,28,7,5,-90,1,1,117,300,0,медиаконвертер,0,0,0,1,Мира,49,4,7,0
735,"SIP не регистрируется, уточните логин и пароль",1,1,8,13.5,0,0,1,27,51,8,-43,1,1,64,200,0,коммутатор,1,1,0,0,Пушкина,40,3,3,1
736,"Уточните, не было ли повреждений кабеля",1,1,3,27.3,1,1,1,74,64,12,-78,1,0,73,200,0,медиаконвертер,0,1,0,0,Мира,47,4,3,1
737,"Обрыв магистрального кабеля, район без интернета",1,0,20,37.9,1,1,1,106,257,54,-40,1,0,58,300,0,коммутатор,1,0,0,0,Советская,17,4,9,2
738,Сбросьте PPPoE-сессию на коммутаторе,1,1,1,5.1,1,1,1,29,23,2,-71,1,0,142,300,0,роутер,1,1,0,0,Пушкина,46,3,10,0
739,"Уже второй день ТВ-приставка не показывает каналы, пульт не реагирует",1,1,0,9.9,1,1,1,11,30,2,-61,0,1,55,100,0,приставка,1,1,1,0,Пушкина,34,1,4,0
740,"Медленно грузит, выясните количество устройств",1,0,1,15.7,0,1,1,80,49,20,-41,1,0,129,200,0,ONT,1,1,1,0,Советская,31,5,1,1
741,"Wi-Fi отключается, спросите про фоновую загрузку",1,0,8,27.1,1,1,0,35,95,16,-68,1,1,149,200,1,ONT,0,0,1,0,Пушкина,49,4,9,1
742,"Настройте DNS, сайты не открываются",1,1,2,12.7,1,1,1,9,36,5,-43,1,1,99,300,1,коммутатор,1,0,1,1,Пушкина,40,3,3,0
743,"SIP не регистрируется, уточните логин и пароль",1,0,0,27.6,0,1,1,41,33,4,-88,1,1,77,300,0,коммутатор,1,0,1,0,Пушкина,8,3,6,1
744,"ТВ-приставка не показывает каналы, пульт не реагирует",1,1,1,14.5,1,1,1,20,7,4,-63,1,1,117,100,1,медиаконвертер,1,1,0,0,Советская,46,4,3,0
745,"Файрвол включён, интернет не работает, отключите его",1,1,2,14.6,1,1,1,25,33,5,-81,1,1,76,300,0,медиаконвертер,1,1,0,0,Пушкина,12,5,2,0
746,"Wi-Fi отключается, спросите про фоновую загрузку",1,0,10,16.1,0,1,0,76,112,0,-85,0,0,143,100,0,ONT,1,0,1,0,Ленина,35,2,8,1
747,"Не могу войти в личный кабинет, ошибка 403",1,1,3,12.0,1,1,1,10,16,2,-74,1,1,101,300,1,ONT,0,0,0,0,Гагарина,40,1,9,0
748,Приставка не включается совсем,0,0,24,44.4,0,0,0,63,220,51,-49,1,0,88,300,0,приставка,1,1,0,0,Советская,12,1,6,2
749,После перезагрузки роутера всё заработало,1,1,3,18.2,1,1,1,23,18,5,-84,1,1,114,300,0,медиаконвертер,1,1,0,0,Кирова,24,2,10,0
750,"Сгорел блок питания роутера, не включается",1,0,25,33.3,0,0,0,168,268,87,-65,1,0,103,200,1,медиаконвертер,1,1,0,1,Ленина,12,4,10,2
751,Помогите! Приставка не включается совсем,0,0,25,40.8,0,0,0,169,274,73,-77,1,1,47,300,0,приставка,0,1,1,0,Пушкина,24,4,1,2
752,"Срочно! Wi-Fi отключается, спросите про фоновую загрузку",1,1,8,20.1,1,1,1,71,117,14,-54,1,1,118,300,1,коммутатор,1,0,0,1,Пушкина,49,1,4,1
753,"Настройте DNS, сайты не открываются",1,1,2,6.6,1,1,1,17,10,4,-86,1,1,56,300,0,роутер,1,1,0,1,Советская,48,3,1,0
754,"Файрвол включён, интернет не работает, отключите его",1,1,0,14.2,1,1,1,25,37,1,-78,1,2,90,100,0,коммутатор,1,1,0,0,Кирова,10,2,2,0
755,"Не могу войти в личный кабинет, ошибка 403",1,1,3,16.3,1,1,1,27,34,3,-82,0,0,44,100,1,ONT,0,1,0,0,Ленина,29,2,6,0
756,Проверьте настройки роутера по телефону,1,0,4,21.4,0,1,1,66,57,1,-63,1,1,98,100,0,ONT,1,1,0,0,Гагарина,49,3,3,1
757,"Не знаю, что делать, Настройте DNS, сайты не открываются",1,1,2,17.9,1,1,1,25,38,1,-54,1,1,49,300,1,ONT,0,1,0,1,Мира,23,4,2,0
758,"Собака перегрызла кабель, интернет пропал",0,1,28,37.4,1,1,1,82,279,84,-89,1,1,88,100,0,медиаконвертер,0,1,0,0,Победы,20,2,4,2
759,Порт на коммутаторе DOWN,1,1,13,35.4,0,0,0,173,93,67,-80,1,2,65,100,0,коммутатор,1,1,1,0,Победы,38,1,7,2
760,После перезагрузки роутера всё заработало,1,1,2,8.9,1,1,1,21,11,2,-80,1,0,58,300,1,роутер,1,0,0,1,Победы,32,5,8,0
761,"Настройте DNS, сайты не открываются",1,1,2,10.6,1,1,1,16,33,4,-63,1,1,62,200,0,приставка,1,0,0,0,Советская,4,1,9,0
762,"Не знаю, что делать, Файрвол включён, интернет не работает, отключите его",1,1,3,11.0,1,1,1,22,19,0,-42,1,2,50,200,0,коммутатор,0,0,1,0,Ленина,10,5,1,0
763,"Полный обрыв, линка нет вообще",1,0,13,33.7,0,0,0,60,184,68,-61,1,1,40,100,1,медиаконвертер,1,1,0,0,Победы,12,1,4,2
764,Уже второй день Пульт не переключает каналы на ТВ-приставке,1,1,3,13.9,1,1,1,19,32,5,-59,0,0,101,100,1,приставка,1,1,1,0,Гагарина,29,3,7,0
765,"Кабель оборван, видны голые провода",0,1,10,30.5,1,1,1,85,259,70,-73,1,2,42,200,1,коммутатор,0,0,0,0,Победы,43,4,2,2
766,"Уже второй день Собака перегрызла кабель, интернет пропал",0,1,28,41.4,1,1,1,67,290,85,-45,1,1,103,100,1,приставка,1,1,0,0,Мира,40,5,9,2
767,"Настройте DNS, сайты не открываются",1,1,3,14.6,1,1,1,24,36,3,-49,0,2,105,200,0,ONT,1,1,0,0,Победы,7,2,4,0
768,"ТВ-приставка не показывает каналы, пульт не реагирует",1,1,1,17.5,1,1,1,23,22,1,-42,1,1,56,300,1,коммутатор,1,0,0,1,Ленина,46,3,3,0
769,"Не знаю, что делать, Соседи порвали кабель при копании, связи нет",0,0,23,30.8,1,1,1,93,107,45,-80,1,0,110,300,1,роутер,1,1,0,1,Ленина,16,3,10,2
770,Проверьте настройки роутера по телефону,1,1,8,20.1,1,0,0,25,86,0,-53,1,0,134,100,1,медиаконвертер,1,0,1,0,Мира,34,5,4,1
771,"Медленно грузит, выясните количество устройств",1,1,4,20.8,1,0,1,31,37,0,-64,1,2,115,100,0,приставка,1,0,0,0,Кирова,43,1,3,1
772,"Медленно грузит, выясните количество устройств",1,1,8,13.0,1,0,1,62,84,17,-44,1,2,115,300,0,медиаконвертер,0,0,1,0,Пушкина,6,5,7,1
773,Помогите! Пульт не переключает каналы на ТВ-приставке,1,1,1,10.0,1,1,1,10,36,2,-66,1,2,104,300,1,приставка,1,0,0,0,Кирова,19,5,7,0
774,"Файрвол включён, интернет не работает, отключите его",1,1,2,11.8,1,1,1,24,32,0,-71,1,2,31,100,1,роутер,1,0,1,0,Гагарина,41,4,5,0
775,"Помогите! Wi-Fi отключается, спросите про фоновую загрузку",1,1,9,10.8,1,1,1,64,94,7,-63,0,1,80,200,0,коммутатор,1,1,0,0,Ленина,6,3,2,1
776,"Не могу войти в личный кабинет, ошибка 403",1,1,1,20.0,1,1,1,29,20,2,-77,1,0,59,100,1,ONT,1,0,1,0,Мира,21,5,9,0
777,Сбросьте PPPoE-сессию на коммутаторе,1,1,2,18.6,1,1,1,27,6,1,-73,1,2,48,200,0,коммутатор,0,0,0,0,Мира,18,1,10,0
778,"Не могу войти в личный кабинет, ошибка 403",1,1,0,16.6,1,1,1,28,35,5,-82,1,0,99,300,0,ONT,1,1,0,0,Мира,27,5,2,0
779,"SIP не регистрируется, уточните логин и пароль",1,1,10,20.8,1,1,1,54,84,19,-75,1,2,119,300,1,медиаконвертер,1,0,0,1,Ленина,21,3,10,1
780,Сбросьте PPPoE-сессию на коммутаторе,1,1,1,15.8,1,1,1,6,12,0,-47,1,2,76,100,1,роутер,1,0,0,0,Ленина,15,5,9,0
781,Проверьте настройки роутера по телефону,1,0,2,12.0,1,1,0,46,120,20,-53,1,1,106,100,1,ONT,0,0,0,0,Пушкина,9,3,9,1
782,Уже второй день Порт на коммутаторе DOWN,1,1,27,39.2,1,1,1,120,281,87,-63,1,0,71,200,1,приставка,0,1,0,0,Мира,32,4,6,2
783,"Низкая скорость, уточните настройки у абонента",1,1,0,18.5,1,0,0,70,94,19,-75,1,1,63,200,1,приставка,1,0,0,1,Ленина,7,4,6,1
784,"SIP не регистрируется, уточните логин и пароль",1,0,1,13.5,0,1,1,47,50,5,-72,1,2,84,200,1,медиаконвертер,1,1,0,0,Ленина,6,2,5,1
785,"Уже второй день Низкая скорость, уточните настройки у абонента",1,1,0,12.2,1,1,1,23,30,17,-53,1,2,91,300,1,коммутатор,0,1,0,0,Мира,29,1,5,1
786,Пульт не переключает каналы на ТВ-приставке,1,1,1,16.0,1,1,1,10,32,0,-80,0,1,59,300,1,медиаконвертер,1,0,0,0,Пушкина,35,1,8,0
787,"Уже второй день Уточните, не было ли повреждений кабеля",1,1,3,20.1,0,1,0,27,115,17,-74,1,1,36,100,1,медиаконвертер,1,0,0,0,Гагарина,13,1,2,1
788,"Не знаю, что делать, Файрвол включён, интернет не работает, отключите его",1,1,3,15.2,1,1,1,14,39,4,-51,1,0,87,200,1,приставка,1,0,0,1,Победы,11,1,4,0
789,"Кабель оборван, видны голые провода",1,1,11,42.0,0,0,0,53,247,74,-86,1,2,61,100,1,медиаконвертер,1,0,0,1,Гагарина,21,5,9,2
790,Порт на коммутаторе DOWN,0,1,30,41.1,1,1,1,53,89,84,-58,0,2,86,200,1,коммутатор,1,1,0,0,Мира,17,3,5,2
791,"ТВ-приставка не показывает каналы, пульт не реагирует",1,1,0,12.1,1,1,1,11,39,2,-51,1,0,31,300,1,приставка,1,0,0,1,Советская,43,3,9,0
792,Проверьте настройки роутера по телефону,1,1,0,16.1,1,1,1,69,49,19,-70,1,1,137,200,0,медиаконвертер,1,1,0,0,Пушкина,6,5,9,1
793,"Медленно грузит, выясните количество устройств",1,0,3,21.8,1,0,0,73,101,20,-80,1,1,102,100,0,роутер,1,1,0,0,Пушкина,11,5,4,1
794,"Собака перегрызла кабель, интернет пропал",0,0,10,32.8,0,0,0,61,288,47,-79,1,0,38,300,1,ONT,1,0,1,0,Кирова,39,5,8,2
795,"Срочно! Низкая скорость, уточните настройки у абонента",1,1,0,28.3,0,1,1,70,41,9,-75,1,1,148,200,0,роутер,1,1,1,0,Пушкина,49,5,3,1
796,"Настройте DNS, сайты не открываются",1,1,0,5.5,1,1,1,23,25,5,-78,1,0,88,200,0,роутер,1,1,1,1,Советская,25,4,2,0
797,"ТВ-приставка не показывает каналы, пульт не реагирует",1,1,2,6.4,1,1,1,26,29,3,-90,1,2,147,200,1,роутер,1,1,1,1,Мира,1,4,9,0
798,Пульт не переключает каналы на ТВ-приставке,1,1,3,5.6,1,1,1,23,22,4,-51,0,1,85,200,0,медиаконвертер,1,0,1,0,Победы,11,4,10,0
799,"ТВ-приставка не показывает каналы, пульт не реагирует",1,1,0,12.1,1,1,1,22,32,4,-47,1,2,130,300,0,медиаконвертер,0,1,0,0,Пушкина,5,5,8,0
800,"Собака перегрызла кабель, интернет пропал",0,0,21,36.8,0,0,0,160,259,88,-50,1,1,78,100,1,роутер,1,0,1,1,Мира,9,1,8,2
801,Сбросьте PPPoE-сессию на коммутаторе,1,1,3,9.4,1,1,1,8,34,3,-85,1,1,92,200,1,коммутатор,0,0,0,1,Кирова,36,2,5,0
802,Пульт не переключает каналы на ТВ-приставке,1,1,1,7.1,1,1,1,18,22,1,-60,1,0,87,100,1,медиаконвертер,1,0,1,0,Мира,24,4,1,0
803,Помогите! После перезагрузки роутера всё заработало,1,1,0,15.7,1,1,1,9,28,3,-89,1,0,38,300,1,приставка,1,1,0,1,Победы,11,2,3,0
804,Переподключите питание приставки,1,1,2,18.3,1,1,1,21,15,4,-40,1,0,41,200,0,приставка,1,1,0,0,Победы,5,4,9,0
805,"Срочно! Обрыв магистрального кабеля, район без интернета",0,0,28,35.6,1,1,1,65,103,47,-90,1,2,143,100,0,медиаконвертер,0,0,1,1,Гагарина,29,1,10,2
806,"Срочно! ТВ-приставка не показывает каналы, пульт не реагирует",1,1,2,15.2,1,1,1,30,32,4,-90,1,1,145,300,0,коммутатор,1,0,1,0,Гагарина,42,2,10,0
807,"Медленно грузит, выясните количество устройств",1,1,4,29.1,0,1,1,28,106,8,-41,0,0,109,300,0,ONT,1,0,0,0,Пушкина,47,1,1,1
808,"Не знаю, что делать, ТВ-приставка не показывает каналы, пульт не реагирует",1,1,3,18.4,1,1,1,12,16,0,-77,1,1,86,200,0,медиаконвертер,1,0,0,0,Мира,35,4,1,0
809,"Помогите! Медленно грузит, выясните количество устройств",1,1,4,29.4,1,1,1,52,54,17,-70,1,2,147,300,1,ONT,1,1,0,0,Пушкина,29,3,1,1
810,Переподключите питание приставки,1,1,3,7.4,1,1,1,16,10,2,-54,1,0,106,100,1,медиаконвертер,0,1,0,1,Кирова,39,1,4,0
811,"Не могу войти в личный кабинет, ошибка 403",1,1,0,14.0,1,1,1,19,37,3,-47,0,1,133,200,1,ONT,0,1,0,0,Кирова,40,3,4,0
812,"Настройте DNS, сайты не открываются",1,1,0,15.0,1,1,1,7,16,0,-79,1,1,130,300,1,роутер,0,1,1,0,Ленина,6,3,2,0
813,После перезагрузки роутера всё заработало,1,1,2,5.5,1,1,1,16,21,3,-72,0,2,42,200,0,приставка,1,1,1,1,Советская,44,3,1,0
814,"Не знаю, что делать, Полный обрыв, линка нет вообще",0,1,10,33.0,0,0,0,127,277,86,-53,0,1,74,100,0,приставка,1,1,0,1,Ленина,5,5,5,2
815,"Низкая скорость, уточните настройки у абонента",1,1,5,16.9,1,1,1,77,52,17,-42,1,1,117,300,1,приставка,0,0,0,0,Победы,37,5,1,1
816,"Медленно грузит, выясните количество устройств",1,1,4,10.9,0,0,1,44,86,15,-46,1,2,94,200,0,приставка,1,1,0,0,Мира,15,1,1,1
817,Переподключите питание приставки,1,1,0,8.3,1,1,1,10,26,2,-50,1,0,39,200,0,ONT,1,0,0,0,Победы,35,3,3,0
818,"Помогите! Уточните, не было ли повреждений кабеля",1,0,0,24.7,0,1,1,74,42,2,-88,1,2,137,300,0,медиаконвертер,1,1,1,0,Победы,33,3,4,1
819,"Не знаю, что делать, Не могу войти в личный кабинет, ошибка 403",1,1,0,9.2,1,1,1,19,19,1,-47,1,2,72,300,1,медиаконвертер,1,1,0,0,Советская,50,4,5,0
820,"ТВ-приставка не показывает каналы, пульт не реагирует",1,1,1,17.0,1,1,1,12,31,5,-46,0,1,75,300,0,роутер,1,1,1,0,Гагарина,1,4,2,0
821,Сбросьте PPPoE-сессию на коммутаторе,1,1,1,7.8,1,1,1,12,40,0,-46,1,0,112,300,0,роутер,1,1,1,0,Победы,47,1,6,0
822,"Срочно! Медленно грузит, выясните количество устройств",1,1,8,11.6,1,0,1,43,72,17,-53,1,2,118,200,0,роутер,1,1,1,1,Пушкина,22,2,8,1
823,"Уточните, не было ли повреждений кабеля",1,0,9,19.6,0,1,1,58,49,16,-79,1,1,72,200,0,роутер,1,0,1,0,Ленина,4,2,9,1
824,"Настройте DNS, сайты не открываются",1,1,1,5.9,1,1,1,25,19,1,-85,1,2,65,300,0,приставка,1,1,1,0,Мира,37,5,4,0
825,"Срочно! Уточните, не было ли повреждений кабеля",1,0,3,27.0,0,1,0,23,65,4,-82,1,2,75,100,0,приставка,1,0,1,1,Советская,6,4,6,1
826,"Кабель оборван, видны голые провода",0,1,29,33.5,1,1,1,138,263,90,-62,1,1,80,300,0,коммутатор,1,0,0,0,Гагарина,39,1,7,2
827,"Уточните, не было ли повреждений кабеля",1,0,2,21.6,1,1,1,75,107,1,-57,1,0,63,100,1,роутер,1,0,0,0,Пушкина,13,1,7,1
828,"ТВ-приставка не показывает каналы, пульт не реагирует",1,1,3,11.9,1,1,1,22,28,3,-42,1,0,79,100,1,приставка,0,1,0,0,Мира,38,3,5,0
829,"ТВ-приставка не показывает каналы, пульт не реагирует",1,1,2,14.1,1,1,1,18,30,1,-78,1,2,74,100,1,коммутатор,1,1,0,0,Гагарина,28,1,2,0
830,После перезагрузки роутера всё заработало,1,1,1,18.8,1,1,1,30,31,5,-43,1,1,64,300,0,роутер,1,1,0,1,Советская,48,4,10,0
831,"Полный обрыв, линка нет вообще",1,0,12,39.9,0,0,0,129,290,85,-54,1,1,58,100,1,приставка,1,1,1,0,Победы,12,3,1,2
832,"Файрвол включён, интернет не работает, отключите его",1,1,1,6.2,1,1,1,13,17,0,-45,1,2,81,100,1,медиаконвертер,1,1,1,1,Советская,44,3,8,0
833,Переподключите питание приставки,1,1,2,19.2,1,1,1,27,22,5,-67,1,2,77,300,1,медиаконвертер,1,1,0,0,Пушкина,5,4,4,0
834,"Уже второй день Соседи порвали кабель при копании, связи нет",0,0,29,43.8,1,1,1,52,226,61,-71,1,1,53,200,0,медиаконвертер,1,0,0,0,Победы,12,1,4,2
835,"Уже второй день Настройте DNS, сайты не открываются",1,1,1,10.8,1,1,1,29,12,2,-72,0,1,113,300,0,приставка,1,0,0,0,Пушкина,21,3,4,0
836,"Низкая скорость, уточните настройки у абонента",1,1,0,20.7,0,1,1,34,43,0,-47,1,2,150,300,1,приставка,0,0,0,0,Ленина,36,3,6,1
837,Сбросьте PPPoE-сессию на коммутаторе,1,1,1,11.5,1,1,1,26,22,5,-58,1,1,64,300,1,роутер,0,0,1,1,Пушкина,44,1,9,0
838,Сбросьте PPPoE-сессию на коммутаторе,1,1,3,11.8,1,1,1,9,19,3,-54,1,1,82,100,0,ONT,0,0,0,1,Пушкина,41,3,3,0
839,"Уже второй день Полный обрыв, линка нет вообще",0,1,25,42.8,1,1,1,59,86,49,-79,1,0,69,100,1,ONT,1,1,0,0,Мира,15,5,2,2
840,"Wi-Fi отключается, спросите про фоновую загрузку",1,1,3,12.4,1,1,0,51,51,1,-66,1,1,120,100,1,приставка,1,0,0,0,Кирова,32,2,6,1
841,Сбросьте PPPoE-сессию на коммутаторе,1,1,1,7.5,1,1,1,16,18,1,-50,1,2,59,300,0,коммутатор,1,0,0,1,Кирова,45,2,6,0
842,"Файрвол включён, интернет не работает, отключите его",1,1,0,12.0,1,1,1,7,37,2,-85,1,2,35,300,0,ONT,1,1,0,0,Гагарина,13,4,1,0
843,"Не знаю, что делать, Переподключите питание приставки",1,1,1,18.4,1,1,1,8,27,5,-55,1,1,120,100,1,ONT,1,1,0,0,Победы,31,2,6,0
844,"Помогите! Настройте DNS, сайты не открываются",1,1,1,18.8,1,1,1,11,14,1,-58,0,0,126,300,1,медиаконвертер,1,0,1,1,Советская,10,2,3,0
845,"SIP не регистрируется, уточните логин и пароль",1,1,0,28.0,0,1,1,33,77,20,-75,1,2,140,100,0,роутер,1,0,0,0,Ленина,16,1,8,1
846,"Wi-Fi отключается, спросите про фоновую загрузку",1,1,10,11.4,0,1,1,40,49,0,-41,1,2,114,100,1,ONT,1,1,0,0,Ленина,21,3,8,1
847,Сбросьте PPPoE-сессию на коммутаторе,1,1,0,10.5,1,1,1,7,16,5,-63,1,1,39,100,1,медиаконвертер,1,0,1,0,Кирова,25,5,4,0
848,"Медленно грузит, выясните количество устройств",1,1,0,15.1,0,0,1,71,30,4,-63,1,0,39,300,1,роутер,0,1,0,0,Гагарина,37,2,7,1
849,"Кабель оборван, видны голые провода",0,0,12,32.5,0,0,0,183,201,53,-59,1,1,40,300,0,приставка,1,0,1,0,Мира,45,5,9,2
850,"Медленно грузит, выясните количество устройств",1,1,10,21.4,1,0,1,79,56,20,-46,1,1,44,300,0,ONT,1,0,1,0,Пушкина,38,3,3,1
851,Срочно! После перезагрузки роутера всё заработало,1,1,0,16.6,1,1,1,23,9,2,-59,1,1,66,300,1,медиаконвертер,1,1,0,0,Советская,30,4,5,0
852,Пульт не переключает каналы на ТВ-приставке,1,1,3,18.9,1,1,1,14,33,4,-85,1,1,79,200,1,роутер,1,0,0,0,Мира,45,2,8,0
853,Пульт не переключает каналы на ТВ-приставке,1,1,1,19.4,1,1,1,23,32,4,-62,0,1,47,300,1,приставка,1,0,0,0,Ленина,12,3,6,0
854,После перезагрузки роутера всё заработало,1,1,2,8.5,1,1,1,26,18,3,-85,1,1,147,300,1,коммутатор,1,1,0,0,Мира,22,3,5,0
855,"SIP не регистрируется, уточните логин и пароль",1,0,9,14.9,1,1,0,45,102,19,-52,1,1,65,300,1,медиаконвертер,1,1,1,0,Советская,49,5,3,1
856,"ТВ-приставка не показывает каналы, пульт не реагирует",1,1,3,15.9,1,1,1,21,31,1,-77,1,1,42,100,0,роутер,1,1,1,0,Ленина,45,2,2,0
857,"Собака перегрызла кабель, интернет пропал",0,1,23,35.6,0,0,0,123,241,85,-60,1,1,139,100,0,приставка,0,0,0,1,Победы,5,2,10,2
858,"ТВ-приставка не показывает каналы, пульт не реагирует",1,1,1,16.7,1,1,1,9,27,0,-77,1,2,72,200,1,коммутатор,1,0,0,0,Кирова,31,1,9,0
859,"Полный обрыв, линка нет вообще",0,1,16,33.9,0,0,0,142,221,59,-70,1,1,40,100,0,коммутатор,1,0,0,1,Гагарина,27,2,3,2
860,"Не знаю, что делать, Файрвол включён, интернет не работает, отключите его",1,1,3,8.1,1,1,1,14,16,2,-84,0,1,114,200,1,коммутатор,1,1,0,1,Советская,2,1,9,0
861,"Уточните, не было ли повреждений кабеля",1,1,2,27.7,0,1,1,44,104,1,-49,0,2,86,200,0,ONT,1,1,0,1,Ленина,10,2,9,1
862,"SIP не регистрируется, уточните логин и пароль",1,0,6,16.8,0,1,1,80,65,13,-62,1,1,55,100,0,коммутатор,1,1,0,0,Гагарина,22,4,10,1
863,"Сгорел блок питания роутера, не включается",0,0,12,41.0,0,0,0,154,199,68,-83,1,2,130,200,1,роутер,1,1,1,0,Мира,49,3,4,2
864,"Уже второй день Собака перегрызла кабель, интернет пропал",0,0,27,41.5,1,1,1,109,268,77,-59,1,0,57,200,0,роутер,0,0,0,1,Советская,48,1,2,2
865,После перезагрузки роутера всё заработало,1,1,0,18.2,1,1,1,26,13,2,-87,1,2,147,200,1,роутер,1,1,0,0,Пушкина,17,4,2,0
866,Проверьте настройки роутера по телефону,1,0,3,20.7,1,0,1,43,111,17,-62,1,2,110,100,1,коммутатор,1,0,0,0,Пушкина,38,3,7,1
867,"Настройте DNS, сайты не открываются",1,1,3,8.7,1,1,1,21,14,1,-78,1,0,131,100,0,приставка,0,1,0,0,Советская,3,2,6,0
868,"Кабель оборван, видны голые провода",1,0,25,34.4,1,1,1,68,196,43,-88,1,1,106,100,1,роутер,1,1,0,0,Советская,21,1,8,2
869,"Не знаю, что делать, После перезагрузки роутера всё заработало",1,1,1,13.4,1,1,1,17,21,1,-79,1,1,139,200,0,приставка,0,0,0,0,Мира,38,4,4,0
870,"Собака перегрызла кабель, интернет пропал",1,0,19,37.5,0,0,0,127,193,41,-57,1,1,31,200,1,роутер,1,0,0,0,Пушкина,33,3,2,2
871,"Не знаю, что делать, SIP не регистрируется, уточните логин и пароль",1,1,6,22.7,1,1,1,77,53,12,-77,1,1,83,100,1,приставка,1,1,0,0,Мира,37,2,1,1
872,Пульт не переключает каналы на ТВ-приставке,1,1,1,5.4,1,1,1,7,14,4,-67,1,1,49,300,1,роутер,0,1,1,1,Гагарина,3,2,10,0
873,Пульт не переключает каналы на ТВ-приставке,1,1,1,14.7,1,1,1,12,34,5,-79,1,1,115,100,0,ONT,1,0,0,0,Кирова,43,5,6,0
874,"Файрвол включён, интернет не работает, отключите его",1,1,0,9.1,1,1,1,12,39,0,-56,1,1,120,100,0,роутер,0,0,1,0,Ленина,24,3,9,0
875,"Низкая скорость, уточните настройки у абонента",1,1,6,16.0,0,1,1,46,98,15,-90,0,0,97,200,1,коммутатор,1,0,1,1,Пушкина,44,1,1,1
876,"Wi-Fi отключается, спросите про фоновую загрузку",1,1,5,20.4,1,1,1,53,91,7,-41,1,2,111,200,1,ONT,1,1,0,0,Гагарина,14,3,3,1
877,После перезагрузки роутера всё заработало,1,1,0,7.9,1,1,1,18,14,1,-89,1,0,35,200,0,коммутатор,1,0,1,0,Победы,33,5,2,0
878,"Не знаю, что делать, Переподключите питание приставки",1,1,0,14.8,1,1,1,23,22,4,-58,1,0,124,300,0,роутер,1,1,0,1,Кирова,11,1,1,0
879,"Файрвол включён, интернет не работает, отключите его",1,1,3,7.8,1,1,1,22,26,1,-84,0,0,71,100,1,приставка,1,1,0,0,Мира,36,2,7,0
880,"Соседи порвали кабель при копании, связи нет",0,1,23,32.5,0,0,0,151,216,84,-61,1,1,139,100,0,коммутатор,1,0,1,0,Победы,44,2,4,2
881,"Кабель оборван, видны голые провода",0,0,22,32.7,0,0,0,188,287,88,-61,0,2,100,200,0,роутер,1,0,0,1,Гагарина,15,5,3,2
882,"Файрвол включён, интернет не работает, отключите его",1,1,0,12.9,1,1,1,10,34,5,-70,1,0,81,200,1,ONT,0,0,1,1,Пушкина,38,2,1,0
883,Проверьте настройки роутера по телефону,1,1,9,18.9,1,0,0,59,46,14,-64,0,0,75,300,1,коммутатор,1,1,0,0,Кирова,32,2,1,1
884,"Соседи порвали кабель при копании, связи нет",0,1,15,39.2,1,1,1,186,178,88,-68,1,0,47,200,1,приставка,1,1,0,1,Мира,21,2,10,2
885,Пульт не переключает каналы на ТВ-приставке,1,1,2,18.3,1,1,1,5,33,5,-53,1,0,86,200,1,приставка,1,1,0,1,Ленина,49,4,10,0
886,"Срочно! Медленно грузит, выясните количество устройств",1,1,4,21.2,1,1,1,63,117,15,-47,1,1,81,200,0,коммутатор,0,1,0,0,Победы,30,2,5,1
887,"Обрыв магистрального кабеля, район без интернета",1,1,28,38.0,1,1,1,147,154,89,-74,1,0,131,300,0,коммутатор,1,1,0,0,Пушкина,3,2,7,2
888,"Не знаю, что делать, Переподключите питание приставки",1,1,0,5.3,1,1,1,14,40,4,-56,1,1,75,300,0,приставка,0,1,0,0,Кирова,3,3,8,0
889,"Файрвол включён, интернет не работает, отключите его",1,1,0,13.3,1,1,1,28,35,2,-64,1,1,31,100,1,медиаконвертер,1,0,0,0,Кирова,25,4,2,0
890,Проверьте настройки роутера по телефону,1,0,4,25.3,0,1,1,38,42,17,-78,1,1,85,200,0,коммутатор,1,1,1,0,Советская,31,2,7,1
891,"Помогите! Собака перегрызла кабель, интернет пропал",0,1,19,44.2,0,0,0,109,149,58,-74,0,0,80,200,1,медиаконвертер,1,1,1,1,Мира,11,3,1,2
892,Уже второй день После перезагрузки роутера всё заработало,1,1,1,9.7,1,1,1,24,32,3,-63,1,1,150,100,0,коммутатор,0,0,1,0,Мира,29,1,5,0
893,Переподключите питание приставки,1,1,2,10.6,1,1,1,14,39,2,-76,1,1,51,100,0,коммутатор,1,0,1,1,Мира,22,3,4,0
894,"Помогите! ТВ-приставка не показывает каналы, пульт не реагирует",1,1,1,19.2,1,1,1,17,13,5,-86,1,2,60,300,0,ONT,1,1,0,0,Кирова,16,5,6,0
895,"Уточните, не было ли повреждений кабеля",1,1,2,23.6,1,0,0,57,115,9,-68,0,1,42,200,0,коммутатор,1,0,0,0,Мира,4,5,1,1
896,"Не могу войти в личный кабинет, ошибка 403",1,1,3,8.5,1,1,1,19,24,2,-67,1,1,128,100,1,ONT,1,1,1,0,Пушкина,30,1,6,0
897,"Уточните, не было ли повреждений кабеля",1,1,0,16.7,1,0,1,38,107,6,-59,1,0,58,100,0,коммутатор,1,0,1,0,Гагарина,42,5,10,1
898,"Кабель оборван, видны голые провода",0,1,15,37.2,1,1,1,192,97,62,-60,1,1,135,300,1,приставка,1,0,0,0,Мира,27,3,4,2
899,"Сгорел блок питания роутера, не включается",1,1,23,40.3,0,0,0,194,107,62,-78,1,2,93,100,1,ONT,1,1,0,0,Ленина,20,2,4,2
900,"Соседи порвали кабель при копании, связи нет",0,1,11,39.1,1,1,1,160,147,61,-54,1,0,118,100,0,роутер,1,1,0,0,Советская,15,3,3,2
901,"Не могу войти в личный кабинет, ошибка 403",1,1,2,7.6,1,1,1,18,38,2,-72,1,1,109,300,1,коммутатор,1,0,1,0,Пушкина,32,3,10,0
902,После перезагрузки роутера всё заработало,1,1,0,7.7,1,1,1,28,12,4,-86,1,2,123,300,0,приставка,1,1,0,1,Победы,6,4,1,0
903,Порт на коммутаторе DOWN,0,0,23,37.4,0,0,0,118,283,53,-80,1,2,96,100,0,приставка,1,1,0,0,Пушкина,28,5,2,2
904,Проверьте настройки роутера по телефону,1,1,0,27.8,1,0,1,80,73,18,-89,1,1,136,100,1,ONT,1,0,0,1,Победы,38,2,4,1
905,"Уже второй день Обрыв магистрального кабеля, район без интернета",1,1,20,32.9,0,0,0,168,271,40,-47,1,0,45,300,0,коммутатор,0,0,1,0,Советская,31,3,3,2
906,"SIP не регистрируется, уточните логин и пароль",1,0,5,26.5,1,1,0,56,37,16,-84,1,0,35,200,1,роутер,1,0,1,0,Ленина,22,5,8,1
907,"Не знаю, что делать, Пульт не переключает каналы на ТВ-приставке",1,1,2,12.6,1,1,1,7,18,5,-52,1,1,56,200,0,коммутатор,0,0,0,0,Пушкина,49,4,2,0
908,"Настройте DNS, сайты не открываются",1,1,2,17.9,1,1,1,12,10,5,-66,1,2,102,100,1,медиаконвертер,1,0,0,0,Кирова,40,1,3,0
909,"Сгорел блок питания роутера, не включается",0,0,22,36.1,0,0,0,157,276,81,-69,1,1,52,300,0,ONT,1,0,1,0,Ленина,3,1,10,2
910,Приставка не включается совсем,0,1,11,44.6,0,0,0,126,184,56,-83,0,0,47,200,0,роутер,1,1,0,0,Пушкина,33,1,5,2
911,"Уточните, не было ли повреждений кабеля",1,0,0,21.5,1,1,0,57,70,6,-54,1,2,93,200,1,коммутатор,1,1,0,0,Советская,35,3,10,1
912,"SIP не регистрируется, уточните логин и пароль",1,1,7,12.7,0,1,0,73,72,17,-59,0,1,143,100,0,ONT,1,1,1,1,Пушкина,25,3,1,1
913,"Файрвол включён, интернет не работает, отключите его",1,1,3,8.1,1,1,1,29,38,0,-60,1,1,95,100,0,приставка,1,1,0,1,Ленина,15,1,10,0
914,"Не могу войти в личный кабинет, ошибка 403",1,1,3,19.5,1,1,1,16,17,4,-79,1,2,47,200,1,приставка,1,1,0,1,Пушкина,15,1,10,0
915,Сбросьте PPPoE-сессию на коммутаторе,1,1,2,6.0,1,1,1,9,5,2,-87,1,2,118,300,1,роутер,1,0,0,1,Пушкина,36,1,1,0
916,"Уточните, не было ли повреждений кабеля",1,0,7,10.6,1,0,0,68,65,17,-44,1,2,49,300,1,медиаконвертер,1,1,0,0,Ленина,32,3,3,1
917,"ТВ-приставка не показывает каналы, пульт не реагирует",1,1,3,6.5,1,1,1,27,18,1,-56,1,0,34,100,1,ONT,1,0,0,0,Ленина,10,5,7,0
918,Помогите! После перезагрузки роутера всё заработало,1,1,2,16.7,1,1,1,29,7,0,-75,1,2,122,100,0,коммутатор,1,1,0,0,Мира,30,4,10,0
919,"Помогите! ТВ-приставка не показывает каналы, пульт не реагирует",1,1,0,5.4,1,1,1,9,26,4,-61,1,2,41,100,0,ONT,0,0,0,1,Советская,3,5,8,0
920,"Кабель оборван, видны голые провода",0,0,18,41.2,1,1,1,130,261,89,-40,0,2,44,300,0,коммутатор,1,1,0,0,Мира,20,2,7,2
921,После перезагрузки роутера всё заработало,1,1,1,7.8,1,1,1,29,24,2,-81,0,2,31,100,1,приставка,1,1,1,0,Кирова,43,1,10,0
922,Переподключите питание приставки,1,1,0,8.1,1,1,1,20,16,3,-79,1,1,70,100,0,приставка,1,0,0,1,Кирова,36,1,3,0
923,Сбросьте PPPoE-сессию на коммутаторе,1,1,0,10.7,1,1,1,16,39,2,-82,0,0,70,300,0,приставка,1,1,0,1,Мира,47,5,9,0
924,Порт на коммутаторе DOWN,0,1,24,35.7,1,1,1,157,112,53,-87,1,1,69,200,1,роутер,1,0,1,0,Ленина,37,1,10,2
925,"Настройте DNS, сайты не открываются",1,1,3,9.5,1,1,1,23,13,0,-87,1,1,80,300,0,приставка,1,1,0,0,Победы,18,4,1,0
926,"Низкая скорость, уточните настройки у абонента",1,1,0,13.4,1,1,1,47,53,4,-80,1,2,117,300,0,роутер,1,0,1,1,Ленина,4,1,1,1
927,"Медленно грузит, выясните количество устройств",1,1,1,22.2,1,1,1,49,60,18,-90,1,0,45,200,0,ONT,1,0,1,1,Победы,37,2,4,1
928,Переподключите питание приставки,1,1,3,16.1,1,1,1,19,39,4,-51,0,0,99,300,1,медиаконвертер,1,1,0,1,Советская,28,4,5,0
929,"Уже второй день ТВ-приставка не показывает каналы, пульт не реагирует",1,1,3,6.8,1,1,1,26,19,1,-84,1,1,87,100,0,коммутатор,1,0,0,0,Мира,45,3,6,0
930,Проверьте настройки роутера по телефону,1,1,1,17.3,0,0,0,60,63,0,-70,1,1,82,200,0,ONT,1,1,0,0,Советская,46,3,7,1
931,После перезагрузки роутера всё заработало,1,1,1,9.0,1,1,1,8,8,4,-49,1,1,120,300,0,коммутатор,0,0,0,0,Пушкина,19,1,3,0
932,"Уже второй день Кабель оборван, видны голые провода",0,0,17,41.8,0,0,0,133,114,69,-68,1,1,82,200,0,приставка,1,1,0,0,Советская,7,5,3,2
933,"Срочно! SIP не регистрируется, уточните логин и пароль",1,1,5,21.3,1,0,1,31,110,10,-72,1,2,44,100,0,ONT,1,0,0,0,Ленина,6,2,9,1
934,После перезагрузки роутера всё заработало,1,1,1,8.0,1,1,1,5,10,5,-82,1,2,38,200,0,приставка,0,1,1,1,Ленина,32,4,7,0
935,"Wi-Fi отключается, спросите про фоновую загрузку",1,1,10,13.6,1,1,1,66,35,9,-81,1,2,58,300,1,ONT,1,0,0,0,Ленина,24,4,4,1
936,Порт на коммутаторе DOWN,0,0,23,38.0,1,1,1,157,101,71,-80,1,0,125,300,0,ONT,1,0,0,0,Победы,27,4,6,2
937,"Кабель оборван, видны голые провода",1,0,24,37.7,0,0,0,163,184,74,-73,1,1,90,200,0,приставка,1,1,0,0,Ленина,33,3,9,2
938,"SIP не регистрируется, уточните логин и пароль",1,0,0,16.1,0,1,1,71,56,9,-64,1,2,100,100,0,приставка,0,1,0,0,Кирова,49,3,3,1
939,"Не знаю, что делать, После перезагрузки роутера всё заработало",1,1,0,16.5,1,1,1,26,22,2,-84,1,2,129,100,0,коммутатор,0,0,1,0,Мира,15,3,10,0
940,Проверьте настройки роутера по телефону,1,1,9,26.0,0,1,0,53,96,8,-56,0,2,81,200,0,медиаконвертер,1,1,1,0,Гагарина,24,3,4,1
941,"Помогите! SIP не регистрируется, уточните логин и пароль",1,0,9,24.9,0,0,1,45,36,9,-57,1,1,93,100,0,коммутатор,1,1,0,0,Кирова,13,1,10,1
942,"Уже второй день ТВ-приставка не показывает каналы, пульт не реагирует",1,1,2,18.8,1,1,1,6,5,1,-60,1,1,43,300,1,роутер,1,1,0,0,Пушкина,48,1,7,0
943,"Соседи порвали кабель при копании, связи нет",1,1,18,31.5,1,1,1,63,264,72,-49,1,2,135,300,1,медиаконвертер,1,1,0,1,Мира,15,3,9,2
944,"Помогите! Не могу войти в личный кабинет, ошибка 403",1,1,3,12.8,1,1,1,22,38,5,-90,1,2,106,100,0,ONT,0,1,0,0,Советская,8,5,8,0
945,"Помогите! Соседи порвали кабель при копании, связи нет",0,1,25,41.6,1,1,1,148,144,70,-56,1,1,137,100,0,ONT,1,1,0,1,Гагарина,19,5,1,2
946,"Уточните, не было ли повреждений кабеля",1,1,4,23.4,1,1,0,20,51,20,-72,1,1,57,200,0,приставка,1,0,0,1,Победы,39,4,9,1
947,Переподключите питание приставки,1,1,3,17.0,1,1,1,26,35,0,-47,1,0,85,300,0,приставка,1,1,1,0,Гагарина,6,3,1,0
948,"Медленно грузит, выясните количество устройств",1,0,3,17.3,1,0,0,50,31,6,-49,1,1,144,100,1,приставка,1,1,0,1,Советская,9,3,9,1
949,"Полный обрыв, линка нет вообще",0,1,20,42.9,1,1,1,69,288,40,-88,0,1,146,100,1,ONT,1,1,1,1,Кирова,19,4,4,2
950,Сбросьте PPPoE-сессию на коммутаторе,1,1,0,9.9,1,1,1,22,10,0,-83,1,1,146,200,1,медиаконвертер,1,0,0,1,Пушкина,28,1,6,0
951,Сбросьте PPPoE-сессию на коммутаторе,1,1,0,18.6,1,1,1,29,12,1,-59,1,0,47,100,1,коммутатор,1,0,0,0,Пушкина,41,1,10,0
952,"Файрвол включён, интернет не работает, отключите его",1,1,2,11.5,1,1,1,5,14,2,-43,1,1,128,200,1,ONT,1,0,0,0,Победы,14,1,9,0
953,Сбросьте PPPoE-сессию на коммутаторе,1,1,1,12.2,1,1,1,13,35,4,-44,0,0,92,200,1,приставка,1,1,1,0,Ленина,20,5,6,0
954,"Срочно! Уточните, не было ли повреждений кабеля",1,0,6,29.6,1,0,1,36,80,16,-62,1,1,35,200,1,ONT,1,0,0,0,Гагарина,10,4,2,1
955,"Сгорел блок питания роутера, не включается",0,1,14,35.4,1,1,1,171,186,84,-82,1,2,122,300,1,коммутатор,0,1,0,1,Советская,34,4,10,2
956,"Уже второй день Wi-Fi отключается, спросите про фоновую загрузку",1,1,9,25.4,0,1,0,42,33,16,-60,1,2,125,100,1,коммутатор,1,1,0,0,Гагарина,44,3,7,1
957,Переподключите питание приставки,1,1,2,10.2,1,1,1,19,36,5,-80,1,0,105,300,0,приставка,1,1,0,0,Гагарина,26,2,8,0
958,"Помогите! Wi-Fi отключается, спросите про фоновую загрузку",1,0,7,26.6,1,0,1,26,43,2,-49,1,2,107,100,1,роутер,1,0,0,0,Советская,24,1,5,1
959,Пульт не переключает каналы на ТВ-приставке,1,1,1,19.1,1,1,1,12,7,2,-63,1,0,56,300,0,приставка,0,0,0,1,Советская,36,1,2,0
960,"Не знаю, что делать, Порт на коммутаторе DOWN",0,1,24,37.0,0,0,0,189,86,44,-42,0,1,133,100,1,приставка,1,1,1,0,Ленина,19,5,4,2
961,Пульт не переключает каналы на ТВ-приставке,1,1,3,13.7,1,1,1,10,21,2,-83,1,2,50,300,1,ONT,1,0,0,0,Советская,3,4,6,0
962,После перезагрузки роутера всё заработало,1,1,0,15.5,1,1,1,24,40,2,-76,1,1,46,200,0,ONT,0,1,0,0,Пушкина,25,2,6,0
963,"SIP не регистрируется, уточните логин и пароль",1,1,7,17.9,1,0,0,73,85,13,-69,1,2,140,100,1,медиаконвертер,1,1,0,1,Советская,24,1,8,1
964,Проверьте настройки роутера по телефону,1,1,6,26.9,1,0,1,67,93,11,-89,1,0,115,300,0,коммутатор,1,1,0,0,Пушкина,5,3,5,1
965,"Сгорел блок питания роутера, не включается",0,1,15,35.2,1,1,1,199,137,51,-78,1,1,30,100,0,медиаконвертер,0,0,0,0,Мира,23,1,2,2
966,"Уточните, не было ли повреждений кабеля",1,1,6,21.6,1,1,1,63,34,7,-55,1,1,118,100,0,приставка,0,0,1,0,Гагарина,38,4,3,1
967,"ТВ-приставка не показывает каналы, пульт не реагирует",1,1,1,6.8,1,1,1,28,39,5,-40,1,1,41,100,0,ONT,1,1,0,1,Советская,39,5,3,0
968,"Не знаю, что делать, Полный обрыв, линка нет вообще",0,0,15,31.0,1,1,1,200,175,57,-90,1,1,112,100,0,ONT,1,1,0,0,Победы,29,1,4,2
969,Сбросьте PPPoE-сессию на коммутаторе,1,1,2,12.1,1,1,1,17,13,3,-81,1,2,62,200,0,приставка,1,1,0,0,Пушкина,15,1,1,0
970,"Wi-Fi отключается, спросите про фоновую загрузку",1,1,2,24.1,1,1,0,37,37,6,-86,1,1,140,200,1,роутер,1,0,1,0,Советская,41,1,5,1
971,"ТВ-приставка не показывает каналы, пульт не реагирует",1,1,3,14.6,1,1,1,19,36,4,-74,1,1,77,300,1,приставка,0,0,0,1,Мира,41,3,9,0
972,Срочно! Проверьте настройки роутера по телефону,1,1,10,17.6,1,1,1,22,85,15,-54,1,1,142,100,0,коммутатор,1,1,0,0,Советская,4,2,6,1
973,"Настройте DNS, сайты не открываются",1,1,2,14.5,1,1,1,13,8,4,-40,1,1,136,300,0,медиаконвертер,1,1,0,0,Гагарина,2,5,5,0
974,После перезагрузки роутера всё заработало,1,1,2,18.9,1,1,1,29,15,2,-41,1,1,124,200,0,коммутатор,1,1,0,1,Ленина,49,1,9,0
975,Уже второй день Пульт не переключает каналы на ТВ-приставке,1,1,3,7.8,1,1,1,19,16,4,-42,1,1,112,100,0,приставка,1,0,0,0,Советская,12,5,1,0
976,Проверьте настройки роутера по телефону,1,1,6,18.0,1,0,1,48,35,4,-74,1,1,135,100,1,ONT,0,0,1,0,Ленина,46,2,10,1
977,"Не могу войти в личный кабинет, ошибка 403",1,1,1,7.0,1,1,1,12,28,1,-71,1,0,41,300,0,ONT,1,1,0,0,Советская,10,4,8,0
978,"SIP не регистрируется, уточните логин и пароль",1,1,6,27.4,0,1,1,46,37,15,-65,1,1,31,100,1,приставка,1,0,0,0,Победы,43,2,4,1
979,"Wi-Fi отключается, спросите про фоновую загрузку",1,0,4,24.3,1,0,0,61,109,8,-63,1,1,121,100,1,медиаконвертер,1,1,0,1,Победы,12,4,8,1
980,"Медленно грузит, выясните количество устройств",1,1,4,22.1,1,0,1,74,118,6,-79,1,0,134,200,1,роутер,1,1,0,0,Ленина,6,4,10,1
981,"Помогите! Wi-Fi отключается, спросите про фоновую загрузку",1,0,4,25.4,0,1,1,34,86,9,-86,1,1,58,200,1,ONT,1,1,0,0,Мира,29,5,1,1
982,"Настройте DNS, сайты не открываются",1,1,1,11.3,1,1,1,16,19,3,-54,0,2,52,100,1,медиаконвертер,0,0,1,0,Гагарина,33,3,6,0
983,"Не знаю, что делать, Настройте DNS, сайты не открываются",1,1,2,16.7,1,1,1,28,22,1,-52,0,0,104,100,1,коммутатор,0,1,0,0,Кирова,41,4,2,0
984,Переподключите питание приставки,1,1,1,11.9,1,1,1,21,21,2,-65,1,0,99,200,1,ONT,1,1,0,0,Победы,49,2,7,0
985,"Низкая скорость, уточните настройки у абонента",1,1,9,10.7,1,0,1,43,96,19,-87,0,2,148,300,0,коммутатор,1,0,0,0,Кирова,30,5,7,1
986,"Файрвол включён, интернет не работает, отключите его",1,1,2,18.5,1,1,1,29,32,0,-76,1,2,64,200,0,приставка,0,1,0,0,Пушкина,26,4,2,0
987,"Помогите! Wi-Fi отключается, спросите про фоновую загрузку",1,1,9,10.3,1,1,1,61,65,2,-58,1,2,72,100,1,коммутатор,1,0,0,0,Победы,14,3,3,1
988,"Уточните, не было ли повреждений кабеля",1,1,5,27.0,1,1,0,67,70,20,-48,1,1,47,100,1,роутер,1,1,0,1,Ленина,35,4,8,1
989,Пульт не переключает каналы на ТВ-приставке,1,1,1,13.7,1,1,1,6,9,3,-47,1,0,90,100,0,коммутатор,1,0,1,1,Гагарина,32,1,9,0
990,Сбросьте PPPoE-сессию на коммутаторе,1,1,3,6.4,1,1,1,29,18,1,-43,1,0,98,200,1,коммутатор,1,1,0,0,Кирова,45,5,9,0
991,"Уточните, не было ли повреждений кабеля",1,0,9,23.8,1,0,1,39,117,20,-83,1,2,87,100,1,коммутатор,0,1,1,0,Ленина,24,3,10,1
992,"SIP не регистрируется, уточните логин и пароль",1,1,2,25.7,1,1,1,70,61,1,-46,1,0,89,300,0,ONT,1,1,0,0,Кирова,18,2,2,1
993,"Уже второй день ТВ-приставка не показывает каналы, пульт не реагирует",1,1,0,9.9,1,1,1,29,14,5,-78,1,0,44,200,0,коммутатор,1,1,0,0,Ленина,14,1,9,0
994,"Низкая скорость, уточните настройки у абонента",1,0,9,28.9,1,0,1,29,97,5,-55,1,1,136,200,1,роутер,1,0,0,0,Советская,22,5,3,1
995,"Медленно грузит, выясните количество устройств",1,0,10,12.2,0,1,1,20,84,18,-52,1,2,139,100,0,ONT,1,0,0,0,Пушкина,2,2,10,1
996,"ТВ-приставка не показывает каналы, пульт не реагирует",1,1,1,15.1,1,1,1,30,16,3,-74,1,1,71,300,1,приставка,1,0,0,1,Победы,1,1,3,0
997,"Настройте DNS, сайты не открываются",1,1,1,14.9,1,1,1,26,14,2,-67,1,0,104,100,0,приставка,1,0,0,1,Советская,29,4,1,0
998,Пульт не переключает каналы на ТВ-приставке,1,1,2,8.6,1,1,1,19,5,1,-70,0,1,35,200,1,приставка,1,1,0,0,Советская,29,3,5,0
999,"Wi-Fi отключается, спросите про фоновую загрузку",1,1,9,19.0,1,1,1,29,45,11,-59,1,1,65,300,1,ONT,0,0,0,0,Победы,26,4,10,1
1000,Проверьте настройки роутера по телефону,1,1,7,29.4,0,0,1,57,69,18,-48,1,1,125,100,1,приставка,1,0,0,0,Советская,9,1,7,1
